tick,event,species,entity_id,x,y,detail
0,reproduce,Deer,16,26,2,39,7,offspring:1
0,reproduce,Deer,21,105,3,24,9,offspring:1
0,reproduce,Deer,27,103,4,68,5,offspring:1
0,reproduce,Rabbit,43,124,9,105,1,offspring:2
0,reproduce,Rabbit,58,19,1,11,7,offspring:2
0,reproduce,Fish,74,3,1,97,5,offspring:2
0,reproduce,Fish,79,93,6,95,8,offspring:2
0,reproduce,Fish,80,95,1,94,0,offspring:2
0,reproduce,Fish,81,92,2,94,0,offspring:2
0,reproduce,Frog,89,7,5,99,5,offspring:2
0,reproduce,Frog,93,37,5,0,5,offspring:2
0,reproduce,Frog,94,39,9,1,6,offspring:2
0,reproduce,Elk,125,117,0,6,1,offspring:1
0,reproduce,Lizard,136,73,5,29,5,offspring:2
0,reproduce,Camel,144,80,9,26,6,offspring:1
0,reproduce,Penguin,153,2,2,78,4,offspring:1
0,reproduce,Penguin,155,0,7,78,6,offspring:1
0,reproduce,Penguin,159,0,9,57,2,offspring:1
0,reproduce,Musk Ox,169,97,6,52,7,offspring:1
0,reproduce,Musk Ox,175,14,3,60,6,offspring:1
0,reproduce,Tapir,202,9,9,124,5,offspring:1
0,reproduce,Wolf,251,15,0,86,6,offspring:1
0,reproduce,Bear,268,29,5,45,5,offspring:1
0,reproduce,Hawk,269,73,5,97,5,offspring:1
0,reproduce,Polar Bear,276,65,5,21,5,offspring:1
0,reproduce,Polar Bear,277,96,5,64,5,offspring:1
2,reproduce,Tapir,201,9,2,124,5,offspring:1
10,reproduce,Penguin,150,0,4,78,4,offspring:1
11,reproduce,Fish,67,3,7,97,5,offspring:2
18,reproduce,Fish,73,4,2,95,6,offspring:2
25,reproduce,Musk Ox,177,76,8,63,6,offspring:1
35,reproduce,Rabbit,56,20,1,11,4,offspring:2
36,reproduce,Parrot,193,28,2,83,0,offspring:1
37,reproduce,Parrot,200,67,1,90,3,offspring:1
40,kill,Deer,33,121,9,94,2,killed_by:Crocodile:260
40,reproduce,Turtle,96,32,9,26,3,offspring:1
40,reproduce,Crocodile,260,122,9,94,7,offspring:1
41,reproduce,Lizard,134,4,1,21,8,offspring:2
42,kill,Sectid,11,34,0,93,5,killed_by:Scorpion:273
43,reproduce,Fish,72,2,2,96,8,offspring:2
46,reproduce,Deer,30,123,0,99,0,offspring:1
49,reproduce,Deer,32,125,1,100,3,offspring:1
70,reproduce,Musk Ox,168,98,8,54,8,offspring:1
71,reproduce,Deer,18,22,2,36,9,offspring:1
79,reproduce,Parrot,194,29,2,82,6,offspring:1
91,reproduce,Deer,17,25,4,36,0,offspring:1
95,kill,Rabbit,56,21,0,11,7,killed_by:Arctic Fox:280
102,reproduce,Musk Ox,174,13,8,61,3,offspring:1
111,kill,Rabbit,46,125,5,106,7,killed_by:Fox:258
137,reproduce,Fish,78,95,1,94,4,offspring:2
142,reproduce,Rabbit,60,123,9,7,0,offspring:2
142,reproduce,Fish,70,5,9,100,8,offspring:2
144,reproduce,Fish,77,95,8,94,7,offspring:2
147,kill,Boar,265,6,1,76,5,killed_by:Wolf:251
191,kill,Rabbit,43,126,9,105,4,killed_by:Fox:258
193,kill,Musk Ox,171,98,9,53,9,killed_by:Polar Bear:319
207,kill,Deer,14,24,3,31,0,killed_by:Bear:268
207,reproduce,Deer,19,19,0,38,2,offspring:1
209,reproduce,Musk Ox,172,16,0,62,3,offspring:1
225,reproduce,Deer,31,128,0,96,3,offspring:1
233,reproduce,Monkey,183,128,0,98,8,offspring:1
233,reproduce,Monkey,184,88,2,86,1,offspring:1
233,reproduce,Monkey,190,88,0,82,4,offspring:1
240,kill,Rabbit,49,0,2,79,0,killed_by:Wolf:315
252,reproduce,Deer,29,100,7,71,9,offspring:1
275,reproduce,Parrot,197,25,6,83,3,offspring:1
287,kill,Rabbit,44,126,5,105,8,killed_by:Fox:258
287,reproduce,Fox,258,126,8,105,5,offspring:1
296,reproduce,Deer,24,112,5,24,7,offspring:1
310,reproduce,Turtle,99,121,8,7,9,offspring:1
315,reproduce,Monkey,181,128,0,96,1,offspring:1
317,reproduce,Boar,266,9,7,82,5,offspring:2
325,kill,Rabbit,47,4,4,78,8,killed_by:Wolf:315
335,kill,Rabbit,58,21,0,10,4,killed_by:Arctic Fox:280
340,kill,Deer,43,125,5,97,1,killed_by:Crocodile:260
359,reproduce,Boar,264,13,6,83,7,offspring:2
366,reproduce,Fish,69,5,6,100,1,offspring:2
378,kill,Fish,73,6,6,100,9,killed_by:Fox:255
380,kill,Rabbit,42,127,8,103,7,killed_by:Fox:178
398,kill,Lizard,128,128,0,32,9,killed_by:Hawk:271
416,kill,Frog,85,9,3,73,7,killed_by:Wolf:251
422,kill,Rabbit,45,125,3,101,0,killed_by:Fox:258
426,kill,Deer,32,128,0,95,7,killed_by:Crocodile:260
438,kill,Frog,89,5,8,100,9,killed_by:Fox:255
439,reproduce,Deer,23,114,0,28,3,offspring:1
452,kill,Frog,83,61,4,57,5,killed_by:Snake:275
452,reproduce,Frog,88,84,1,74,7,offspring:2
453,kill,Deer,341,8,3,35,1,killed_by:Bear:316
467,reproduce,Camel,142,82,5,29,6,offspring:1
508,reproduce,Lizard,131,27,4,93,0,offspring:2
549,reproduce,Fish,68,5,7,99,4,offspring:2
558,kill,Shroomer,43,49,9,110,0,killed_by:Jaguar:282
558,reproduce,Jaguar,282,49,4,109,6,offspring:1
566,reproduce,Frog,84,13,5,67,8,offspring:2
600,reproduce,Fish,291,1,6,94,1,offspring:2
600,reproduce,Fish,292,0,9,94,7,offspring:2
600,reproduce,Fish,293,91,8,89,2,offspring:2
600,reproduce,Fish,296,92,4,88,8,offspring:2
600,reproduce,Fish,297,92,2,96,0,offspring:2
600,reproduce,Fish,298,93,2,95,9,offspring:2
613,reproduce,Parrot,193,27,2,102,0,offspring:1
619,reproduce,Deer,16,15,3,30,0,offspring:1
649,kill,Frog,299,16,9,92,9,killed_by:Fox:255
649,reproduce,Turtle,97,39,1,71,8,offspring:1
656,reproduce,Elk,124,116,0,9,6,offspring:1
657,reproduce,Turtle,98,31,5,72,1,offspring:1
664,kill,Monkey,183,128,0,88,1,killed_by:Fox:258
677,kill,Shroomer,235,47,3,115,9,killed_by:Jaguar:282
680,reproduce,Camel,139,27,1,18,9,offspring:1
688,reproduce,Tapir,202,15,9,120,4,offspring:1
691,reproduce,Deer,21,113,1,27,0,offspring:1
692,kill,Deer,339,127,7,100,6,killed_by:Crocodile:335
695,kill,Boar,30,11,8,91,6,killed_by:Wolf:250
703,reproduce,Turtle,101,119,1,45,6,offspring:1
720,reproduce,Deer,27,100,0,76,4,offspring:1
726,kill,Shroomer,236,44,3,113,3,killed_by:Jaguar:89
735,reproduce,Tapir,201,18,0,122,1,offspring:1
759,reproduce,Wolf,250,12,9,88,8,offspring:1
776,reproduce,Musk Ox,175,21,6,62,1,offspring:1
783,reproduce,Penguin,155,5,2,72,9,offspring:1
860,kill,Musk Ox,170,102,7,50,0,killed_by:Polar Bear:319
860,reproduce,Musk Ox,176,84,3,60,8,offspring:1
909,reproduce,Monkey,189,72,0,99,7,offspring:1
928,reproduce,Lizard,306,96,0,45,8,offspring:2
951,reproduce,Deer,18,0,4,30,2,offspring:1
956,kill,Deer,80,17,2,64,3,killed_by:Bear:316
989,kill,Rabbit,48,4,0,80,6,killed_by:Wolf:362
990,reproduce,Wolf,251,10,2,87,7,offspring:1
992,reproduce,Musk Ox,169,103,5,47,0,offspring:1
1000,reproduce,Rabbit,289,0,7,3,1,offspring:2
1035,reproduce,Rabbit,332,5,1,2,0,offspring:2
1050,reproduce,Rabbit,331,4,8,2,8,offspring:2
1061,kill,Musk Ox,359,22,2,61,9,killed_by:Bear:316
1061,reproduce,Musk Ox,174,23,6,59,5,offspring:1
1069,kill,Rabbit,52,4,3,80,6,killed_by:Wolf:362
1076,reproduce,Rabbit,60,127,0,19,3,offspring:2
1081,reproduce,Monkey,181,128,0,43,8,offspring:1
1094,reproduce,Snake,275,65,7,50,5,offspring:1
1128,kill,Rabbit,65,35,1,81,1,killed_by:Fox:256
1142,reproduce,Rabbit,75,123,5,20,2,offspring:2
1149,kill,Rabbit,50,4,4,81,7,killed_by:Wolf:362
1158,reproduce,Rabbit,41,93,1,79,6,offspring:2
1169,kill,Rabbit,51,4,4,82,5,killed_by:Wolf:362
1169,reproduce,Rabbit,66,15,4,125,0,offspring:2
1180,reproduce,Tapir,203,89,0,76,5,offspring:1
1180,reproduce,Tapir,204,94,2,71,2,offspring:1
1180,reproduce,Tapir,212,128,0,31,9,offspring:1
1182,reproduce,Rabbit,327,126,2,10,3,offspring:2
1186,reproduce,Deer,31,128,0,32,0,offspring:1
1201,reproduce,Parrot,193,18,2,112,0,offspring:1
1201,reproduce,Parrot,197,25,7,98,8,offspring:1
1201,reproduce,Parrot,333,21,4,108,1,offspring:1
1201,reproduce,Parrot,334,64,1,76,9,offspring:1
1211,reproduce,Parrot,194,50,3,63,9,offspring:1
1211,reproduce,Lizard,337,22,4,10,9,offspring:2
1224,kill,Rabbit,62,38,2,82,8,killed_by:Fox:256
1226,reproduce,Musk Ox,177,81,9,64,0,offspring:1
1237,reproduce,Parrot,200,31,5,59,7,offspring:1
1276,reproduce,Boar,266,22,9,81,1,offspring:2
1325,kill,Rabbit,64,36,3,80,4,killed_by:Fox:256
1325,kill,Penguin,321,1,0,65,4,killed_by:Wolf:315
1345,reproduce,Musk Ox,165,64,0,0,4,offspring:1
1345,reproduce,Musk Ox,172,25,6,63,5,offspring:1
1366,reproduce,Lizard,131,31,9,73,5,offspring:2
1376,reproduce,Tapir,202,17,8,126,1,offspring:1
1405,kill,Rabbit,55,3,4,65,1,killed_by:Wolf:315
1433,reproduce,Monkey,329,81,3,96,3,offspring:1
1440,reproduce,Parrot,342,29,3,64,0,offspring:1
1441,starvation,Fish,344,7,5,124,7,
1449,starvation,Rabbit,288,100,4,97,9,
1449,starvation,Rabbit,290,9,8,10,5,
1455,kill,Deer,338,110,3,100,5,killed_by:Crocodile:335
1468,reproduce,Tapir,201,16,4,125,9,offspring:1
1485,kill,Rabbit,53,3,6,65,1,killed_by:Wolf:315
1500,reproduce,Penguin,309,1,5,59,4,offspring:1
1500,reproduce,Penguin,310,9,2,69,7,offspring:1
1505,kill,Musk Ox,168,101,0,50,7,killed_by:Polar Bear:319
1509,reproduce,Musk Ox,164,64,0,1,3,offspring:1
1511,kill,Rabbit,54,3,0,66,2,killed_by:Wolf:362
1513,reproduce,Boar,264,28,5,79,8,offspring:2
1533,starvation,Fish,345,103,6,73,3,
1546,reproduce,Penguin,154,12,2,65,3,offspring:1
1553,reproduce,Elk,124,115,8,11,2,offspring:1
1554,reproduce,Rabbit,61,45,1,98,2,offspring:2
1554,reproduce,Rabbit,63,53,3,88,1,offspring:2
1561,reproduce,Penguin,157,10,8,63,6,offspring:1
1572,reproduce,Musk Ox,167,64,0,2,8,offspring:1
1573,starvation,Rabbit,287,126,6,106,9,
1585,reproduce,Camel,139,38,7,18,0,offspring:1
1590,kill,Turtle,103,24,2,65,5,killed_by:Bear:316
1610,starvation,Fish,294,77,5,78,2,
1617,starvation,Fish,296,94,5,90,8,
1648,starvation,Fish,324,11,7,100,6,
1648,reproduce,Fish,11,0,3,94,1,offspring:2
1648,reproduce,Fish,43,1,5,93,4,offspring:2
1648,reproduce,Fish,45,2,7,98,6,offspring:2
1648,reproduce,Fish,57,1,0,92,9,offspring:2
1648,reproduce,Fish,71,1,4,94,0,offspring:2
1648,reproduce,Fish,291,1,4,94,5,offspring:2
1648,reproduce,Fish,292,1,3,95,0,offspring:2
1648,reproduce,Fish,322,0,4,95,7,offspring:2
1648,reproduce,Fish,323,0,6,96,7,offspring:2
1648,reproduce,Fish,326,0,4,94,7,offspring:2
1648,reproduce,Fish,341,0,8,92,3,offspring:2
1665,starvation,Fish,47,11,5,100,7,
1674,reproduce,Musk Ox,175,27,6,60,4,offspring:1
1706,reproduce,Monkey,189,64,0,84,3,offspring:1
1711,starvation,Fish,293,70,0,90,5,
1711,reproduce,Parrot,200,25,5,56,9,offspring:1
1729,reproduce,Parrot,194,61,5,57,0,offspring:1
1754,starvation,Hawk,269,57,7,69,0,
1764,starvation,Fish,346,74,0,103,7,
1774,reproduce,Lizard,14,63,0,111,5,offspring:2
1774,reproduce,Lizard,69,61,4,112,7,offspring:2
1778,reproduce,Fish,77,105,1,103,6,offspring:2
1778,reproduce,Fish,78,104,9,101,3,offspring:2
1778,reproduce,Fish,79,104,5,106,9,offspring:2
1778,reproduce,Fish,81,105,4,102,1,offspring:2
1778,reproduce,Fish,295,101,5,108,9,offspring:2
1791,starvation,Fish,343,9,7,101,4,
1819,kill,Rabbit,61,45,2,97,7,killed_by:Sectid:9
1830,reproduce,Tapir,212,128,0,17,6,offspring:1
1838,reproduce,Monkey,184,64,0,86,6,offspring:1
1874,reproduce,Lizard,365,100,9,60,1,offspring:2
1886,reproduce,Musk Ox,176,77,6,68,5,offspring:1
1896,starvation,Sectid,8,50,9,97,1,
1899,starvation,Fish,347,78,3,60,4,
1899,starvation,Fish,349,61,7,86,7,
1899,starvation,Fish,350,89,8,91,9,
1900,starvation,Fish,58,43,5,76,6,
1901,kill,Deer,355,36,1,25,8,killed_by:Bear:268
1901,reproduce,Deer,13,31,9,40,5,offspring:1
1901,reproduce,Deer,15,32,9,19,7,offspring:1
1901,reproduce,Deer,16,20,4,25,4,offspring:1
1901,reproduce,Deer,17,9,9,39,5,offspring:1
1901,reproduce,Deer,18,12,8,31,0,offspring:1
1901,reproduce,Deer,19,13,6,44,4,offspring:1
1901,reproduce,Deer,39,49,0,7,3,offspring:1
1901,reproduce,Bear,268,35,0,26,1,offspring:1
1923,reproduce,Tapir,204,100,8,75,2,offspring:1
1932,reproduce,Parrot,334,64,0,74,0,offspring:1
1962,reproduce,Lizard,337,20,4,16,2,offspring:2
1984,kill,Sectid,5,69,2,107,7,killed_by:Fox:256
1994,reproduce,Musk Ox,174,27,5,60,0,offspring:1
2000,reproduce,Deer,285,105,9,28,4,offspring:1
2002,reproduce,Tapir,210,128,0,17,0,offspring:1
2019,starvation,Hawk,317,57,2,70,0,
2041,reproduce,Frog,74,30,8,64,0,offspring:2
2066,kill,Camel,141,39,3,18,2,killed_by:Bear:442
2090,reproduce,Musk Ox,177,73,0,68,3,offspring:1
2103,kill,Penguin,288,9,3,45,9,killed_by:Wolf:315
2103,reproduce,Camel,140,38,2,14,9,offspring:1
2103,reproduce,Penguin,153,16,1,78,0,offspring:1
2103,reproduce,Penguin,310,18,8,74,0,offspring:1
2111,kill,Sectid,6,73,4,101,9,killed_by:Fox:256
2138,kill,Penguin,159,22,9,80,9,killed_by:Hawk:271
2139,starvation,Sectid,9,42,5,89,2,
2145,starvation,Sectid,4,65,1,96,1,
2148,kill,Shroomer,370,92,6,86,7,killed_by:Jaguar:282
2157,kill,Musk Ox,170,96,8,59,3,killed_by:Polar Bear:319
2166,reproduce,Lizard,396,28,0,71,5,offspring:2
2173,reproduce,Camel,148,60,7,119,8,offspring:1
2201,reproduce,Parrot,390,78,0,80,6,offspring:1
2211,reproduce,Parrot,391,65,7,51,5,offspring:1
2214,reproduce,Monkey,189,60,1,78,2,offspring:1
2220,reproduce,Turtle,95,27,6,27,2,offspring:1
2224,reproduce,Deer,28,91,0,78,0,offspring:1
2224,reproduce,Deer,29,92,2,76,5,offspring:1
2224,reproduce,Deer,286,81,6,84,7,offspring:1
2237,reproduce,Parrot,394,25,1,53,8,offspring:1
2240,starvation,Lizard,336,6,2,25,4,
2240,kill,Shroomer,226,94,3,83,5,killed_by:Jaguar:282
2240,reproduce,Jaguar,282,94,2,84,2,offspring:1
2240,reproduce,Lizard,393,27,6,7,0,offspring:2
2252,starvation,Fish,46,104,0,70,1,
2256,reproduce,Musk Ox,172,27,9,59,5,offspring:1
2263,starvation,Fish,325,11,5,100,7,
2281,reproduce,Monkey,376,123,8,17,7,offspring:1
2285,starvation,Frog,300,0,6,87,6,
2289,kill,Penguin,153,12,7,86,6,killed_by:Hawk:271
2289,reproduce,Penguin,155,11,3,58,6,offspring:1
2290,kill,Deer,58,14,0,30,4,killed_by:Wolf:315
2290,reproduce,Wolf,315,13,8,30,9,offspring:1
2291,kill,Frog,73,98,8,77,7,killed_by:Jaguar:336
2296,reproduce,Deer,49,111,9,30,1,offspring:1
2309,kill,Rabbit,41,92,8,83,3,killed_by:Jaguar:282
2342,reproduce,Parrot,200,24,5,60,2,offspring:1
2349,kill,Deer,284,11,5,48,5,killed_by:Bear:316
2363,kill,Boar,395,22,3,84,1,killed_by:Wolf:251
2380,kill,Penguin,290,12,4,75,7,killed_by:Hawk:271
2380,reproduce,Penguin,157,19,6,63,5,offspring:1
2381,kill,Deer,350,23,3,26,6,killed_by:Wolf:300
2389,kill,Tapir,204,103,7,75,0,killed_by:Jaguar:336
2391,reproduce,Elk,106,85,4,92,5,offspring:1
2391,reproduce,Elk,108,73,6,96,2,offspring:1
2391,reproduce,Elk,110,74,8,90,0,offspring:1
2391,reproduce,Elk,112,76,1,88,4,offspring:1
2391,reproduce,Elk,113,78,2,89,9,offspring:1
2391,reproduce,Elk,114,72,3,88,2,offspring:1
2391,reproduce,Elk,117,91,9,71,3,offspring:1
2391,reproduce,Elk,118,64,6,84,5,offspring:1
2391,reproduce,Elk,119,69,8,84,6,offspring:1
2391,reproduce,Elk,121,73,8,86,7,offspring:1
2391,reproduce,Elk,123,72,7,85,1,offspring:1
2415,reproduce,Frog,42,96,0,72,2,offspring:2
2446,kill,Tapir,382,90,1,74,6,killed_by:Jaguar:282
2446,reproduce,Tapir,206,85,6,83,6,offspring:1
2450,reproduce,Musk Ox,175,28,4,60,8,offspring:1
2460,reproduce,Rabbit,51,9,0,121,0,offspring:2
2476,kill,Penguin,364,17,8,64,3,killed_by:Hawk:271
2483,reproduce,Parrot,334,75,2,86,1,offspring:1
2490,kill,Boar,263,26,5,95,5,killed_by:Wolf:251
2490,reproduce,Boar,2,36,0,45,3,offspring:2
2490,reproduce,Boar,136,29,2,83,7,offspring:2
2490,reproduce,Camel,139,47,0,20,6,offspring:1
2490,reproduce,Boar,264,51,5,82,2,offspring:2
2490,reproduce,Boar,266,28,7,93,4,offspring:2
2492,reproduce,Penguin,154,23,1,64,6,offspring:1
2500,reproduce,Elk,305,109,4,2,3,offspring:1
2534,starvation,Sectid,12,51,8,89,1,
2537,kill,Deer,347,22,5,14,5,killed_by:Wolf:315
2557,reproduce,Parrot,198,64,1,82,3,offspring:1
2562,kill,Frog,90,24,2,110,1,killed_by:Wolf:252
2562,reproduce,Frog,83,27,2,64,3,offspring:2
2573,kill,Penguin,73,15,2,52,5,killed_by:Hawk:271
2573,reproduce,Hawk,271,15,2,52,9,offspring:1
2620,reproduce,Penguin,150,21,7,59,5,offspring:1
2635,kill,Camel,183,46,8,25,1,killed_by:Bear:442
2639,starvation,Fish,32,5,4,100,8,
2643,kill,Shroomer,54,47,1,74,5,killed_by:Boar:461
2672,starvation,Penguin,161,0,9,55,3,
2704,kill,Penguin,155,34,1,57,2,killed_by:Hawk:271
2704,reproduce,Penguin,310,20,8,75,7,offspring:1
2722,reproduce,Monkey,189,61,7,78,0,offspring:1
2724,kill,Rabbit,63,59,7,85,9,killed_by:Boar:264
2729,reproduce,Rabbit,402,64,1,98,1,offspring:2
2785,starvation,Sectid,3,66,5,90,2,
2794,kill,Frog,440,35,3,68,0,killed_by:Hawk:271
2796,kill,Deer,30,99,5,66,1,killed_by:Jaguar:336
2804,kill,Deer,28,94,0,73,0,killed_by:Jaguar:282
2807,kill,Rabbit,381,33,4,128,0,killed_by:Wolf:252
2818,reproduce,Camel,149,61,1,122,1,offspring:1
2822,starvation,Hawk,270,4,6,82,7,
2832,kill,Boar,266,29,4,84,2,killed_by:Wolf:250
2832,reproduce,Wolf,250,30,0,84,3,offspring:1
2832,reproduce,Wolf,251,30,4,84,8,offspring:1
2839,reproduce,Turtle,98,39,0,71,3,offspring:1
2843,reproduce,Turtle,101,127,0,45,3,offspring:1
2849,kill,Deer,8,30,9,29,5,killed_by:Wolf:300
2876,kill,Fish,295,123,3,103,0,killed_by:Crocodile:260
2877,kill,Musk Ox,340,104,7,56,9,killed_by:Polar Bear:319
2882,reproduce,Monkey,376,124,8,26,5,offspring:1
2905,kill,Musk Ox,359,19,1,47,2,killed_by:Bear:316
2905,reproduce,Musk Ox,313,14,3,66,2,offspring:1
2906,reproduce,Monkey,424,56,7,74,2,offspring:1
2939,kill,Lizard,6,41,2,84,1,killed_by:Hawk:271
2939,reproduce,Lizard,380,27,1,68,1,offspring:2
2939,reproduce,Lizard,396,29,0,67,1,offspring:2
2947,starvation,Fish,407,6,6,101,0,
2947,kill,Shroomer,231,24,7,119,5,killed_by:Wolf:252
2966,kill,Boar,136,19,2,88,0,killed_by:Wolf:251
2994,kill,Shroomer,436,68,5,90,7,killed_by:Boar:264
3000,reproduce,Camel,308,72,5,25,6,offspring:1
3000,reproduce,Bear,316,17,3,46,3,offspring:1
3006,reproduce,Monkey,190,96,0,79,0,offspring:1
3016,reproduce,Lizard,307,90,4,15,5,offspring:2
3017,reproduce,Penguin,157,28,2,63,0,offspring:1
3024,kill,Frog,74,21,8,69,8,killed_by:Arctic Fox:278
3024,reproduce,Frog,27,19,7,70,5,offspring:2
3035,starvation,Rabbit,378,105,1,121,4,
3073,kill,Rabbit,66,21,9,127,0,killed_by:Wolf:252
3109,kill,Frog,74,13,4,73,2,killed_by:Arctic Fox:278
3156,reproduce,Elk,360,108,3,2,0,offspring:1
3160,kill,Deer,36,88,9,71,0,killed_by:Jaguar:282
3160,reproduce,Deer,29,99,3,78,6,offspring:1
3162,reproduce,Deer,31,127,1,28,8,offspring:1
3162,reproduce,Deer,67,106,0,18,4,offspring:1
3162,reproduce,Tapir,206,93,9,87,7,offspring:1
3162,reproduce,Deer,285,114,3,31,9,offspring:1
3163,starvation,Wolf,253,76,5,29,0,
3165,starvation,Penguin,311,1,0,56,9,
3165,reproduce,Penguin,345,16,8,61,7,offspring:1
3165,reproduce,Penguin,403,10,3,69,0,offspring:1
3178,kill,Shroomer,232,24,8,127,8,killed_by:Wolf:252
3199,kill,Penguin,288,21,8,56,7,killed_by:Wolf:362
3207,kill,Lizard,20,25,8,47,5,killed_by:Hawk:271
3208,kill,Deer,349,17,1,31,6,killed_by:Bear:316
3225,reproduce,Camel,148,60,7,123,0,offspring:1
3248,kill,Frog,27,13,0,61,2,killed_by:Wolf:440
3268,starvation,Rabbit,52,122,4,15,8,
3275,starvation,Rabbit,375,115,5,13,5,
3292,kill,Penguin,464,23,0,64,3,killed_by:Wolf:362
3295,kill,Camel,287,32,5,20,9,killed_by:Bear:442
3298,reproduce,Parrot,293,0,8,32,0,offspring:1
3301,reproduce,Elk,305,103,1,0,2,offspring:1
3303,reproduce,Frog,82,32,0,64,7,offspring:2
3305,kill,Shroomer,270,22,6,127,1,killed_by:Wolf:252
3305,reproduce,Penguin,310,25,6,67,9,offspring:1
3306,reproduce,Rabbit,51,12,2,122,7,offspring:2
3311,kill,Turtle,96,19,9,33,5,killed_by:Bear:6
3311,reproduce,Turtle,97,41,5,71,6,offspring:1
3313,reproduce,Boar,264,74,4,91,0,offspring:2
3319,reproduce,Deer,286,71,9,79,9,offspring:1
3322,kill,Penguin,158,32,3,32,7,killed_by:Hawk:271
3340,kill,Frog,91,64,4,70,5,killed_by:Fox:256
3368,kill,Penguin,151,-0,1,78,3,killed_by:Arctic Fox:278
3374,kill,Penguin,160,-0,0,64,1,killed_by:Hawk:73
3382,kill,Penguin,152,16,7,69,7,killed_by:Wolf:362
3383,kill,Penguin,162,14,1,47,2,killed_by:Wolf:3
3393,kill,Boar,138,17,1,91,0,killed_by:Wolf:250
3401,starvation,Rabbit,143,116,4,20,4,
3401,reproduce,Rabbit,327,106,8,2,2,offspring:2
3412,reproduce,Hawk,271,27,1,19,6,offspring:1
3440,kill,Deer,29,98,9,88,3,killed_by:Jaguar:336
3468,kill,Frog,90,25,1,51,8,killed_by:Boar:457
3471,kill,Lizard,445,19,4,13,4,killed_by:Hawk:162
3471,reproduce,Parrot,68,13,4,115,9,offspring:1
3471,reproduce,Parrot,193,12,2,105,8,offspring:1
3471,reproduce,Parrot,197,12,9,105,1,offspring:1
3471,reproduce,Parrot,333,12,9,115,4,offspring:1
3471,reproduce,Parrot,388,14,8,105,4,offspring:1
3471,reproduce,Parrot,389,23,8,100,1,offspring:1
3481,reproduce,Monkey,325,124,3,7,7,offspring:1
3483,reproduce,Monkey,376,125,0,21,0,offspring:1
3500,reproduce,Polar Bear,319,96,9,58,3,offspring:1
3504,kill,Monkey,182,0,0,0,0,killed_by:Fox:178
3504,kill,Penguin,345,23,3,46,0,killed_by:Wolf:440
3521,kill,Tapir,205,85,9,83,3,killed_by:Jaguar:282
3521,reproduce,Jaguar,282,85,6,82,7,offspring:1
3544,reproduce,Wolf,362,20,3,69,8,offspring:1
3545,starvation,Arctic Fox,280,22,5,1,9,
3565,reproduce,Deer,16,18,5,26,4,offspring:1
3565,reproduce,Deer,17,16,3,31,8,offspring:1
3565,reproduce,Deer,18,40,2,28,8,offspring:1
3565,reproduce,Deer,19,12,8,15,2,offspring:1
3565,reproduce,Deer,39,51,2,7,3,offspring:1
3565,reproduce,Deer,134,15,0,38,1,offspring:1
3565,reproduce,Deer,367,17,3,37,3,offspring:1
3585,kill,Tapir,382,89,9,89,3,killed_by:Jaguar:182
3591,kill,Lizard,393,11,3,31,4,killed_by:Hawk:162
3594,starvation,Parrot,192,93,3,94,3,
3603,reproduce,Penguin,141,10,6,66,6,offspring:1
3613,kill,Shroomer,158,82,2,80,9,killed_by:Jaguar:282
3619,kill,Penguin,468,12,3,45,6,killed_by:Wolf:440
3633,starvation,Fish,45,41,2,83,4,
3637,kill,Shroomer,234,21,2,113,2,killed_by:Wolf:252
3637,kill,Shroomer,20,84,4,86,3,killed_by:Boar:473
3654,reproduce,Penguin,157,35,5,56,0,offspring:1
3662,starvation,Fish,406,36,5,123,3,
3677,reproduce,Parrot,4,65,1,54,4,offspring:1
3693,starvation,Fox,254,46,0,12,4,
3695,kill,Musk Ox,62,90,6,66,8,killed_by:Polar Bear:477
3705,kill,Shroomer,227,81,6,85,0,killed_by:Jaguar:282
3705,kill,Shroomer,227,81,6,85,0,killed_by:Boar:473
3754,reproduce,Penguin,150,31,3,56,9,offspring:1
3756,reproduce,Rabbit,12,71,9,99,9,offspring:2
3759,kill,Deer,481,20,5,34,8,killed_by:Wolf:440
3765,kill,Boar,130,34,6,84,4,killed_by:Wolf:250
3766,kill,Rabbit,371,30,4,5,6,killed_by:Fox:178
3766,reproduce,Penguin,403,12,6,70,9,offspring:1
3772,kill,Frog,467,26,2,83,9,killed_by:Wolf:362
3777,reproduce,Camel,149,56,3,124,7,offspring:1
3789,reproduce,Penguin,186,13,1,67,3,offspring:1
3802,kill,Penguin,311,15,4,90,1,killed_by:Arctic Fox:278
3816,reproduce,Lizard,136,104,0,25,1,offspring:2
3816,reproduce,Lizard,231,96,2,20,9,offspring:2
3818,reproduce,Monkey,190,96,0,74,9,offspring:1
3818,reproduce,Monkey,370,60,5,79,6,offspring:1
3818,reproduce,Monkey,424,52,5,76,6,offspring:1
3825,kill,Rabbit,401,49,4,114,4,killed_by:Fox:256
3830,reproduce,Tapir,61,122,4,11,0,offspring:1
3854,kill,Shroomer,133,86,0,87,6,killed_by:Jaguar:182
3864,kill,Penguin,186,18,2,64,4,killed_by:Hawk:73
3873,reproduce,Tapir,383,81,6,69,8,offspring:1
3873,reproduce,Tapir,384,124,9,32,0,offspring:1
3893,kill,Rabbit,372,18,3,-0,0,killed_by:Fox:178
3897,kill,Shroomer,218,83,9,85,8,killed_by:Boar:96
3911,kill,Shroomer,103,87,3,90,9,killed_by:Jaguar:336
3917,starvation,Rabbit,373,0,0,15,0,
3927,kill,Penguin,32,37,0,62,9,killed_by:Wolf:345
3947,starvation,Monkey,171,114,8,66,1,
3950,starvation,Monkey,34,100,1,90,5,
3957,reproduce,Elk,360,111,7,7,5,offspring:1
3959,starvation,Rabbit,289,0,0,15,5,
3960,kill,Shroomer,363,15,4,112,4,killed_by:Wolf:252
3987,kill,Penguin,253,26,0,50,7,killed_by:Hawk:73
3990,reproduce,Boar,111,52,2,23,0,offspring:2
3999,reproduce,Penguin,310,27,8,60,8,offspring:1
4001,reproduce,Camel,308,75,2,26,9,offspring:1
4016,reproduce,Rabbit,331,28,9,16,4,offspring:2
4031,kill,Frog,82,39,9,59,1,killed_by:Wolf:345
4044,kill,Frog,303,30,5,10,3,killed_by:Fox:178
4082,reproduce,Monkey,266,126,5,24,6,offspring:1
4082,reproduce,Monkey,325,123,8,7,7,offspring:1
4084,reproduce,Monkey,376,125,4,19,3,offspring:1
4102,reproduce,Elk,305,103,0,1,2,offspring:1
4109,reproduce,Musk Ox,56,26,5,31,5,offspring:1
4113,kill,Frog,469,36,9,62,4,killed_by:Hawk:73
4135,reproduce,Tapir,443,87,5,72,5,offspring:1
4184,kill,Shroomer,230,65,0,91,4,killed_by:Boar:264
4184,reproduce,Boar,264,64,9,92,1,offspring:2
4193,starvation,Rabbit,332,1,5,27,4,
4196,starvation,Monkey,329,81,4,115,4,
4204,reproduce,Penguin,141,11,7,60,4,offspring:1
4213,kill,Frog,83,36,0,51,4,killed_by:Hawk:73
4217,starvation,Fox,257,107,5,54,9,
4223,kill,Deer,480,15,0,53,9,killed_by:Wolf:440
4231,kill,Boar,96,83,8,80,1,killed_by:Jaguar:182
4239,starvation,Wolf,80,5,5,83,0,
4239,reproduce,Camel,142,104,6,50,0,offspring:1
4239,reproduce,Wolf,250,26,8,76,7,offspring:1
4239,reproduce,Wolf,251,28,3,77,0,offspring:1
4240,reproduce,Jaguar,336,88,4,89,5,offspring:1
4277,reproduce,Camel,148,58,3,124,1,offspring:1
4286,kill,Shroomer,233,18,9,107,2,killed_by:Wolf:252
4291,reproduce,Penguin,157,44,9,38,8,offspring:1
4295,reproduce,Monkey,347,53,8,97,1,offspring:1
4295,reproduce,Monkey,407,96,0,81,7,offspring:1
4309,kill,Elk,41,84,4,92,4,killed_by:Jaguar:230
4336,kill,Rabbit,206,33,1,45,8,killed_by:Fox:178
4345,kill,Penguin,150,25,8,65,3,killed_by:Hawk:73
4346,kill,Shroomer,265,59,7,100,4,killed_by:Boar:311
4392,starvation,Lizard,346,46,5,126,3,
4399,kill,Musk Ox,328,78,3,61,6,killed_by:Polar Bear:477
4417,starvation,Arctic Fox,279,103,7,13,2,
4420,kill,Deer,447,89,7,80,8,killed_by:Jaguar:336
4428,reproduce,Camel,140,39,5,8,1,offspring:1
4429,kill,Penguin,464,37,3,60,8,killed_by:Wolf:113
4445,kill,Penguin,24,16,4,67,8,killed_by:Hawk:73
4445,reproduce,Hawk,73,16,6,67,5,offspring:1
4449,starvation,Rabbit,374,1,4,27,5,
4458,reproduce,Monkey,370,60,2,77,9,offspring:1
4458,reproduce,Monkey,424,55,5,75,2,offspring:1
4476,reproduce,Monkey,190,100,6,72,2,offspring:1
4491,reproduce,Turtle,95,23,5,24,3,offspring:1
4513,kill,Penguin,310,29,9,62,1,killed_by:Fox:178
4513,reproduce,Penguin,403,13,9,74,4,offspring:1
4519,kill,Penguin,154,41,2,53,4,killed_by:Wolf:113
4535,kill,Boar,460,23,3,60,9,killed_by:Wolf:250
4541,starvation,Wolf,249,126,9,46,4,
4550,reproduce,Musk Ox,175,30,6,66,5,offspring:1
4567,reproduce,Frog,93,66,0,10,4,offspring:2
4584,kill,Deer,13,44,2,39,0,killed_by:Bear:268
4587,kill,Shroomer,228,52,3,91,7,killed_by:Boar:82
4591,starvation,Rabbit,369,0,2,27,2,
4598,kill,Penguin,103,35,6,67,7,killed_by:Fox:178
4620,kill,Penguin,138,3,1,71,8,killed_by:Hawk:150
4621,reproduce,Tapir,129,14,1,107,0,offspring:1
4621,reproduce,Tapir,201,22,5,111,2,offspring:1
4621,reproduce,Tapir,202,19,9,120,1,offspring:1
4621,reproduce,Tapir,213,37,6,64,0,offspring:1
4621,reproduce,Tapir,236,14,5,113,1,offspring:1
4621,reproduce,Tapir,314,20,6,121,2,offspring:1
4621,reproduce,Tapir,320,13,3,116,1,offspring:1
4621,reproduce,Tapir,344,17,0,116,1,offspring:1
4621,reproduce,Tapir,397,11,5,112,9,offspring:1
4624,kill,Shroomer,245,20,7,50,0,killed_by:Wolf:440
4631,kill,Deer,203,94,4,75,8,killed_by:Jaguar:336
4658,reproduce,Frog,302,29,6,12,9,offspring:2
4680,kill,Shroomer,244,30,1,57,9,killed_by:Wolf:113
4681,reproduce,Monkey,475,126,5,7,9,offspring:1
4683,reproduce,Monkey,325,120,1,6,5,offspring:1
4683,reproduce,Monkey,476,124,2,25,4,offspring:1
4685,reproduce,Monkey,376,126,3,21,7,offspring:1
4699,reproduce,Monkey,330,96,0,66,8,offspring:1
4703,starvation,Monkey,72,89,0,128,0,
4711,starvation,Lizard,131,92,2,127,5,
4717,kill,Elk,104,81,7,95,8,killed_by:Jaguar:230
4721,kill,Penguin,257,39,3,46,6,killed_by:Bear:268
4721,reproduce,Rabbit,50,37,4,50,3,offspring:2
4724,reproduce,Parrot,364,64,0,59,7,offspring:1
4733,kill,Tapir,406,90,6,65,5,killed_by:Jaguar:182
4736,reproduce,Camel,149,63,6,122,9,offspring:1
4737,kill,Boar,263,23,3,46,6,killed_by:Wolf:250
4757,kill,Penguin,45,20,0,80,1,killed_by:Hawk:73
4758,reproduce,Elk,360,111,5,6,5,offspring:1
4818,reproduce,Musk Ox,120,72,9,68,9,offspring:1
4818,reproduce,Musk Ox,126,75,5,69,8,offspring:1
4818,reproduce,Musk Ox,176,74,2,68,3,offspring:1
4818,reproduce,Musk Ox,177,75,4,68,5,offspring:1
4820,reproduce,Rabbit,331,28,8,26,9,offspring:2
4865,kill,Shroomer,206,47,3,5,9,killed_by:Boar:111
4879,starvation,Arctic Fox,278,17,1,98,9,
4881,kill,Frog,88,96,8,82,8,killed_by:Fox:256
4889,kill,Penguin,403,23,8,63,9,killed_by:Hawk:73
4891,reproduce,Boar,111,47,5,5,5,offspring:2
4902,kill,Musk Ox,70,42,9,30,6,killed_by:Bear:6
4903,starvation,Wolf,248,126,9,47,0,
4903,reproduce,Elk,305,103,9,3,5,offspring:1
4925,reproduce,Monkey,407,97,0,74,7,offspring:1
4928,starvation,Frog,86,89,5,55,4,
4928,reproduce,Frog,144,90,4,79,0,offspring:2
4928,reproduce,Penguin,157,55,1,42,6,offspring:1
4928,reproduce,Frog,453,95,4,71,9,offspring:2
4941,kill,Frog,94,48,8,6,4,killed_by:Boar:206
4941,kill,Frog,94,48,8,6,4,killed_by:Boar:278
4950,kill,Boar,111,48,2,6,3,killed_by:Bear:442
4950,reproduce,Bear,442,48,5,6,9,offspring:1
4963,reproduce,Penguin,436,38,2,54,3,offspring:1
4969,kill,Rabbit,50,14,3,54,2,killed_by:Fox:178
4974,starvation,Parrot,379,46,6,124,7,
4981,starvation,Lizard,14,94,2,128,0,
5000,reproduce,Parrot,58,31,9,25,4,offspring:1
5000,reproduce,Parrot,200,28,9,24,3,offspring:1
5000,reproduce,Parrot,394,20,4,19,3,offspring:1
5000,reproduce,Parrot,425,30,8,20,3,offspring:1
5000,reproduce,Elk,465,107,3,5,2,offspring:1
5007,kill,Boar,278,47,4,8,0,killed_by:Bear:94
5010,reproduce,Musk Ox,56,16,0,28,6,offspring:1
5013,reproduce,Tapir,443,96,0,70,8,offspring:1
5016,reproduce,Rabbit,32,15,9,63,4,offspring:2
5020,kill,Boar,206,46,1,4,3,killed_by:Bear:442
5021,reproduce,Turtle,98,31,2,67,9,offspring:1
5034,kill,Frog,144,86,4,74,3,killed_by:Fox:256
5036,starvation,Hawk,271,8,2,49,2,
5040,reproduce,Turtle,33,32,0,31,7,offspring:1
5047,kill,Penguin,288,40,6,52,5,killed_by:Wolf:113
5052,kill,Frog,375,20,0,57,3,killed_by:Wolf:105
5056,kill,Deer,127,24,6,29,2,killed_by:Bear:268
5056,reproduce,Deer,17,18,3,40,7,offspring:1
5056,reproduce,Deer,134,5,6,41,1,offspring:1
5056,reproduce,Bear,268,25,5,30,1,offspring:1
5056,reproduce,Deer,355,24,6,4,5,offspring:1
5056,reproduce,Deer,367,2,2,33,0,offspring:1
5063,reproduce,Monkey,130,57,1,84,9,offspring:1
5063,reproduce,Monkey,347,56,1,81,4,offspring:1
5063,reproduce,Monkey,370,56,3,79,3,offspring:1
5063,reproduce,Monkey,424,52,1,76,6,offspring:1
5076,reproduce,Lizard,439,96,0,75,3,offspring:2
5077,kill,Shroomer,183,46,0,9,5,killed_by:Bear:94
5077,reproduce,Musk Ox,48,111,1,32,0,offspring:1
5083,kill,Musk Ox,187,28,8,57,9,killed_by:Polar Bear:319
5089,starvation,Shroomer,215,98,9,16,5,
5092,kill,Shroomer,382,90,2,75,6,killed_by:Jaguar:282
5092,reproduce,Jaguar,282,89,7,75,9,offspring:1
5102,reproduce,Frog,74,20,1,64,0,offspring:2
5103,reproduce,Camel,441,32,6,14,3,offspring:1
5111,kill,Turtle,95,26,0,26,5,killed_by:Bear:268
5142,kill,Turtle,98,28,2,66,3,killed_by:Wolf:250
5147,kill,Frog,74,20,0,67,7,killed_by:Wolf:105
5163,kill,Deer,446,99,3,71,9,killed_by:Polar Bear:477
5173,reproduce,Camel,159,58,3,120,9,offspring:1
5184,kill,Shroomer,171,89,7,82,1,killed_by:Jaguar:187
5229,reproduce,Wolf,251,30,4,69,8,offspring:1
5230,kill,Shroomer,229,95,1,72,2,killed_by:Jaguar:282
5233,kill,Musk Ox,253,33,7,23,5,killed_by:Bear:375
5233,reproduce,Camel,142,105,5,48,1,offspring:1
5233,reproduce,Musk Ox,313,30,2,47,0,offspring:1
5233,reproduce,Musk Ox,321,31,5,55,0,offspring:1
5233,reproduce,Musk Ox,454,30,8,59,3,offspring:1
5254,reproduce,Penguin,141,13,2,59,0,offspring:1
5262,kill,Penguin,24,9,8,66,0,killed_by:Wolf:105
5267,starvation,Lizard,306,73,6,117,2,
5267,reproduce,Lizard,69,62,1,124,4,offspring:2
5267,reproduce,Lizard,209,57,6,123,1,offspring:2
5267,reproduce,Lizard,269,63,7,123,9,offspring:2
5270,kill,Rabbit,32,-0,1,73,9,killed_by:Hawk:73
5275,reproduce,Parrot,364,87,4,102,4,offspring:1
5282,reproduce,Monkey,289,123,2,12,1,offspring:1
5282,reproduce,Monkey,475,125,0,7,9,offspring:1
5288,starvation,Penguin,309,0,0,47,9,
5289,kill,Shroomer,393,89,8,86,3,killed_by:Jaguar:187
5289,reproduce,Penguin,20,6,6,61,6,offspring:1
5292,kill,Frog,42,91,4,65,6,killed_by:Jaguar:336
5301,reproduce,Polar Bear,319,26,5,58,5,offspring:1
5329,reproduce,Camel,148,67,8,119,0,offspring:1
5402,kill,Turtle,206,37,2,75,2,killed_by:Wolf:251
5422,kill,Musk Ox,253,30,3,50,1,killed_by:Polar Bear:393
5429,reproduce,Boar,461,64,8,88,8,offspring:2
5429,reproduce,Boar,473,93,1,86,4,offspring:2
5433,kill,Frog,84,47,9,61,2,killed_by:Wolf:113
5436,kill,Musk Ox,454,34,9,56,8,killed_by:Polar Bear:319
5446,reproduce,Hawk,73,2,0,68,2,offspring:1
5446,reproduce,Rabbit,368,19,2,14,3,offspring:2
5467,kill,Shroomer,246,47,2,60,0,killed_by:Wolf:113
5473,starvation,Fox,255,70,5,127,0,
5479,starvation,Monkey,207,107,0,82,2,
5479,kill,Lizard,295,-0,1,62,0,killed_by:Hawk:84
5479,reproduce,Monkey,146,116,3,76,1,offspring:1
5479,reproduce,Monkey,190,114,0,73,3,offspring:1
5479,reproduce,Monkey,330,111,3,73,2,offspring:1
5490,reproduce,Camel,459,42,2,8,5,offspring:1
5495,reproduce,Deer,474,64,0,74,6,offspring:1
5498,kill,Shroomer,219,44,3,5,2,killed_by:Bear:442
5499,kill,Shroomer,237,91,6,84,7,killed_by:Boar:517
5523,reproduce,Turtle,97,42,0,72,4,offspring:1
5539,reproduce,Parrot,198,93,7,96,0,offspring:1
5542,reproduce,Parrot,4,65,1,50,8,offspring:1
5543,kill,Camel,148,59,3,121,9,killed_by:Polar Bear:318
5559,reproduce,Elk,360,109,7,7,0,offspring:1
5562,kill,Shroomer,42,71,4,85,8,killed_by:Boar:516
5564,reproduce,Penguin,436,38,8,50,8,offspring:1
5565,reproduce,Penguin,157,59,0,45,5,offspring:1
5572,kill,Penguin,309,0,0,54,8,killed_by:Hawk:162
5579,kill,Turtle,97,44,2,72,9,killed_by:Wolf:251
5600,kill,Parrot,179,0,0,82,4,killed_by:Hawk:73
5601,kill,Shroomer,181,98,6,69,0,killed_by:Jaguar:282
5609,kill,Shroomer,66,46,5,6,0,killed_by:Bear:94
5618,reproduce,Deer,19,92,5,96,0,offspring:1
5648,kill,Camel,98,54,0,120,3,killed_by:Polar Bear:318
5648,reproduce,Polar Bear,318,54,8,120,5,offspring:1
5649,reproduce,Turtle,299,27,7,69,8,offspring:1
5655,kill,Rabbit,493,21,8,32,5,killed_by:Wolf:105
5656,reproduce,Elk,378,115,3,6,8,offspring:1
5679,kill,Shroomer,219,74,7,80,9,killed_by:Boar:461
5695,reproduce,Camel,149,64,4,123,5,offspring:1
5703,kill,Shroomer,372,88,5,83,2,killed_by:Jaguar:187
5709,kill,Shroomer,381,33,6,117,1,killed_by:Boar:44
5736,starvation,Parrot,194,80,8,34,7,
5762,reproduce,Parrot,197,64,0,128,0,offspring:1
5763,kill,Frog,453,95,4,67,3,killed_by:Fox:256
5770,kill,Turtle,33,36,0,28,2,killed_by:Bear:375
5776,kill,Shroomer,160,103,2,71,7,killed_by:Polar Bear:477
5779,kill,Shroomer,133,95,9,86,3,killed_by:Wolf:315
5779,reproduce,Boar,44,32,0,116,3,offspring:2
5781,kill,Camel,83,60,1,126,7,killed_by:Polar Bear:318
5801,reproduce,Elk,52,101,3,1,8,offspring:1
5801,reproduce,Elk,465,109,5,8,1,offspring:1
5808,kill,Parrot,445,54,6,128,0,killed_by:Wolf:362
5809,reproduce,Rabbit,132,21,8,121,9,offspring:2
5813,kill,Frog,382,33,2,46,5,killed_by:Hawk:162
5818,reproduce,Camel,10,63,9,119,3,offspring:1
5820,reproduce,Rabbit,488,23,9,24,7,offspring:2
5820,reproduce,Rabbit,489,25,6,7,7,offspring:2
5827,kill,Frog,70,77,3,87,8,killed_by:Boar:253
5850,starvation,Polar Bear,276,79,9,25,9,
5855,reproduce,Penguin,141,27,4,58,0,offspring:1
5889,kill,Shroomer,332,74,2,75,1,killed_by:Boar:206
5895,kill,Penguin,106,64,2,58,3,killed_by:Wolf:113
5911,reproduce,Musk Ox,56,12,0,29,5,offspring:1
5912,kill,Parrot,466,58,0,128,0,killed_by:Wolf:362
5917,reproduce,Frog,248,81,9,93,5,offspring:2
5923,kill,Shroomer,507,89,4,80,0,killed_by:Wolf:315
5926,starvation,Snake,274,18,8,36,0,
5972,kill,Lizard,380,62,8,50,3,killed_by:Hawk:162
5975,kill,Turtle,514,40,7,68,9,killed_by:Wolf:250
5975,reproduce,Lizard,226,28,5,17,9,offspring:2
5975,reproduce,Lizard,337,18,1,6,3,offspring:2
5976,kill,Rabbit,494,26,1,65,8,killed_by:Wolf:105
6000,reproduce,Bear,6,22,3,8,6,offspring:1
6008,kill,Shroomer,503,45,1,-0,3,killed_by:Bear:442
6016,starvation,Fox,258,127,3,51,5,
6029,kill,Shroomer,152,95,5,79,0,killed_by:Wolf:315
6062,reproduce,Frog,215,27,5,64,0,offspring:2
6075,kill,Musk Ox,175,31,0,65,3,killed_by:Polar Bear:319
6084,kill,Frog,332,78,0,92,6,killed_by:Jaguar:187
6104,kill,Frog,248,85,3,88,5,killed_by:Boar:253
6105,kill,Penguin,505,34,7,74,0,killed_by:Wolf:105
6108,reproduce,Deer,474,63,0,74,2,offspring:1
6139,starvation,Deer,262,128,0,126,9,
6155,kill,Penguin,213,22,8,64,5,killed_by:Polar Bear:393
6165,reproduce,Penguin,436,42,4,43,8,offspring:1
6174,reproduce,Camel,159,63,6,121,2,offspring:1
6200,kill,Frog,93,73,4,18,6,killed_by:Snake:377
6202,reproduce,Penguin,157,66,7,38,4,offspring:1
6210,reproduce,Camel,441,32,0,0,4,offspring:1
6211,kill,Rabbit,402,39,6,111,6,killed_by:Wolf:362
6215,kill,Frog,301,51,6,0,0,killed_by:Boar:218
6215,reproduce,Frog,203,28,4,6,9,offspring:2
6215,reproduce,Frog,304,31,6,3,3,offspring:2
6220,kill,Penguin,303,10,7,42,7,killed_by:Hawk:84
6267,reproduce,Camel,142,111,2,46,6,offspring:1
6288,starvation,Shroomer,223,110,5,22,0,
6292,reproduce,Boar,53,14,3,61,0,offspring:2
6292,reproduce,Boar,457,4,6,39,4,offspring:2
6305,kill,Shroomer,506,88,9,81,2,killed_by:Wolf:315
6308,kill,Boar,218,49,9,-0,0,killed_by:Bear:94
6310,starvation,Rabbit,63,87,5,93,0,
6316,reproduce,Monkey,96,119,7,72,6,offspring:1
6316,reproduce,Monkey,146,120,6,82,8,offspring:1
6316,reproduce,Monkey,330,122,0,76,0,offspring:1
6316,reproduce,Monkey,403,126,6,76,1,offspring:1
6320,kill,Turtle,170,29,9,23,4,killed_by:Bear:375
6322,starvation,Rabbit,60,119,8,45,6,
6326,starvation,Parrot,29,28,5,105,6,
6333,kill,Elk,118,69,8,85,7,killed_by:Jaguar:187
6340,starvation,Scorpion,273,77,5,100,8,
6357,reproduce,Parrot,50,-0,0,0,3,offspring:1
6374,kill,Lizard,337,0,0,0,2,killed_by:Bear:380
6377,kill,Parrot,197,84,0,128,0,killed_by:Jaguar:89
6377,kill,Fish,427,84,3,128,0,killed_by:Crocodile:335
6378,starvation,Jaguar,281,125,0,65,1,
6417,kill,Parrot,19,84,1,128,0,killed_by:Crocodile:335
6418,reproduce,Parrot,104,79,8,61,5,offspring:1
6421,reproduce,Frog,490,88,2,73,3,offspring:2
6426,kill,Shroomer,220,46,0,8,0,killed_by:Bear:316
6433,kill,Camel,147,67,5,128,0,killed_by:Polar Bear:318
6433,reproduce,Camel,232,69,3,126,8,offspring:1
6441,kill,Parrot,50,0,0,0,2,killed_by:Bear:6
6452,kill,Parrot,27,17,0,10,0,killed_by:Hawk:84
6452,kill,Lizard,69,84,4,128,0,killed_by:Jaguar:89
6455,reproduce,Boar,40,22,0,15,1,offspring:2
6456,reproduce,Penguin,141,27,6,71,3,offspring:1
6463,reproduce,Penguin,111,36,7,40,7,offspring:1
6471,reproduce,Frog,310,64,0,12,5,offspring:2
6474,kill,Musk Ox,174,43,4,53,1,killed_by:Bear:268
6474,reproduce,Musk Ox,155,17,3,63,9,offspring:1
6474,reproduce,Musk Ox,313,21,2,35,2,offspring:1
6476,kill,Parrot,170,0,0,0,0,killed_by:Bear:6
6476,reproduce,Parrot,58,29,2,7,9,offspring:1
6476,reproduce,Parrot,108,22,8,3,0,offspring:1
6476,reproduce,Parrot,200,24,4,29,5,offspring:1
6476,reproduce,Parrot,293,25,5,28,3,offspring:1
6476,reproduce,Parrot,342,10,2,5,8,offspring:1
6476,reproduce,Parrot,379,28,8,2,8,offspring:1
6476,reproduce,Parrot,394,10,1,13,6,offspring:1
6476,reproduce,Parrot,425,24,4,27,2,offspring:1
6487,starvation,Parrot,391,59,3,36,4,
6491,kill,Frog,490,82,5,71,4,killed_by:Fox:256
6499,reproduce,Camel,459,32,0,5,5,offspring:1
6508,kill,Shroomer,74,77,8,66,1,killed_by:Boar:206
6511,starvation,Tapir,470,111,4,76,6,
6520,starvation,Parrot,199,31,0,102,7,
6529,kill,Shroomer,464,50,4,77,6,killed_by:Wolf:250
6531,kill,Camel,295,47,8,4,5,killed_by:Bear:316
6552,kill,Lizard,106,10,8,-0,1,killed_by:Hawk:84
6595,starvation,Elk,398,116,3,18,3,
6595,reproduce,Elk,186,105,6,5,1,offspring:1
6595,reproduce,Elk,305,105,1,8,2,offspring:1
6595,reproduce,Elk,360,107,4,9,2,offspring:1
6595,reproduce,Elk,378,102,8,0,8,offspring:1
6608,kill,Shroomer,222,47,6,8,0,killed_by:Bear:442
6625,reproduce,Deer,286,64,0,69,9,offspring:1
6631,starvation,Hawk,162,65,1,44,2,
6639,starvation,Deer,235,114,7,48,9,
6668,kill,Frog,118,96,1,81,6,killed_by:Fox:256
6677,kill,Lizard,509,71,0,128,0,killed_by:Wolf:362
6712,kill,Deer,519,70,8,88,5,killed_by:Jaguar:187
6712,reproduce,Deer,474,63,9,69,5,offspring:1
6713,starvation,Snake,377,88,6,18,5,
6728,starvation,Shroomer,216,81,8,3,3,
6728,kill,Deer,26,78,2,58,2,killed_by:Polar Bear:477
6766,reproduce,Penguin,436,46,2,40,0,offspring:1
6781,kill,Musk Ox,155,14,6,63,2,killed_by:Polar Bear:393
6792,starvation,Parrot,389,0,6,96,5,
6831,starvation,Wolf,3,2,9,26,7,
6843,kill,Frog,29,87,1,66,0,killed_by:Fox:256
6843,reproduce,Frog,215,36,9,70,7,offspring:2
6844,kill,Penguin,141,24,7,78,5,killed_by:Polar Bear:319
6862,reproduce,Frog,152,31,8,73,5,offspring:2
6874,kill,Monkey,447,124,5,92,9,killed_by:Crocodile:260
6938,starvation,Parrot,237,111,9,76,9,
6942,reproduce,Rabbit,51,13,1,125,9,offspring:2
6948,starvation,Rabbit,12,96,6,86,2,
6977,starvation,Snake,275,40,5,15,1,
6982,kill,Camel,128,46,6,15,0,killed_by:Bear:94
6982,reproduce,Camel,140,42,9,6,7,offspring:1
6994,starvation,Shroomer,343,75,5,17,2,
7000,reproduce,Polar Bear,477,79,9,62,6,offspring:1
7053,reproduce,Bear,316,44,4,0,1,offspring:1
7053,reproduce,Bear,442,50,5,9,1,offspring:1
7054,kill,Camel,41,43,5,0,0,killed_by:Bear:155
7062,starvation,Frog,86,111,5,77,5,
7064,starvation,Hawk,150,8,8,21,9,
7064,reproduce,Penguin,111,34,2,38,8,offspring:1
7064,reproduce,Penguin,148,46,3,45,3,offspring:1
7065,reproduce,Penguin,42,59,0,48,2,offspring:1
7071,kill,Musk Ox,486,81,5,65,5,killed_by:Polar Bear:477
7082,kill,Camel,515,57,4,126,2,killed_by:Polar Bear:318
7082,reproduce,Camel,10,59,5,120,9,offspring:1
7082,reproduce,Camel,149,65,2,121,3,offspring:1
7082,reproduce,Camel,234,57,4,120,3,offspring:1
7092,reproduce,Jaguar,187,67,4,85,7,offspring:1
7096,kill,Musk Ox,176,70,6,66,0,killed_by:Polar Bear:26
7102,reproduce,Polar Bear,319,27,7,81,5,offspring:1
7112,reproduce,Wolf,251,45,0,96,0,offspring:1
7123,starvation,Jaguar,89,88,0,128,0,
7126,starvation,Rabbit,386,128,0,0,0,
7144,reproduce,Penguin,20,14,4,53,2,offspring:1
7166,starvation,Elk,124,116,5,11,5,
7198,kill,Deer,175,62,1,80,1,killed_by:Jaguar:187
7211,reproduce,Camel,441,36,6,3,8,offspring:1
7221,kill,Shroomer,221,44,6,6,4,killed_by:Bear:442
7226,reproduce,Deer,286,62,5,69,9,offspring:1
7239,reproduce,Camel,469,106,6,43,6,offspring:1
7245,kill,Shroomer,240,38,0,91,8,killed_by:Wolf:343
7251,kill,Deer,205,35,3,45,9,killed_by:Bear:375
7254,reproduce,Monkey,407,64,0,63,7,offspring:1
7263,reproduce,Parrot,9,64,0,100,2,offspring:1
7265,age_death,Fish,79,102,5,119,6,
7313,reproduce,Deer,474,59,7,68,8,offspring:1
7326,kill,Shroomer,317,41,6,7,3,killed_by:Bear:442
7327,kill,Boar,516,71,9,75,8,killed_by:Jaguar:275
7351,reproduce,Parrot,68,2,3,110,9,offspring:1
7351,reproduce,Parrot,90,9,6,119,6,offspring:1
7351,reproduce,Parrot,143,11,8,123,7,offspring:1
7351,reproduce,Parrot,333,19,3,103,9,offspring:1
7351,reproduce,Parrot,334,6,6,118,8,offspring:1
7351,reproduce,Parrot,349,3,9,116,4,offspring:1
7351,reproduce,Parrot,388,21,8,104,0,offspring:1
7351,reproduce,Parrot,472,6,2,118,4,offspring:1
7363,starvation,Parrot,198,111,8,77,0,
7367,reproduce,Penguin,436,40,7,45,9,offspring:1
7369,starvation,Lizard,501,95,8,89,1,
7375,kill,Frog,494,36,7,66,1,killed_by:Polar Bear:319
7389,reproduce,Parrot,32,117,4,81,1,offspring:1
7403,kill,Penguin,141,64,1,45,1,killed_by:Wolf:113
7418,reproduce,Parrot,60,65,6,62,9,offspring:1
7429,kill,Shroomer,437,40,2,80,5,killed_by:Wolf:343
7434,starvation,Penguin,156,57,3,70,9,
7449,reproduce,Polar Bear,318,58,8,126,2,offspring:1
7452,kill,Shroomer,247,70,3,81,6,killed_by:Jaguar:275
7461,starvation,Rabbit,455,34,4,127,9,
7465,starvation,Parrot,364,112,1,77,7,
7467,kill,Penguin,20,23,7,45,4,killed_by:Fox:178
7486,kill,Musk Ox,184,32,1,72,2,killed_by:Polar Bear:319
7494,starvation,Lizard,500,103,1,87,5,
7496,kill,Penguin,427,30,0,59,5,killed_by:Polar Bear:128
7510,starvation,Rabbit,72,72,4,30,7,
7521,reproduce,Deer,285,104,8,26,3,offspring:1
7534,kill,Shroomer,241,59,4,82,1,killed_by:Jaguar:336
7534,reproduce,Jaguar,336,60,2,82,1,offspring:1
7547,starvation,Bear,267,125,3,40,4,
7549,kill,Penguin,42,60,1,35,2,killed_by:Wolf:113
7549,reproduce,Wolf,113,60,2,35,7,offspring:1
7550,kill,Camel,10,67,8,125,3,killed_by:Polar Bear:221
7577,reproduce,Musk Ox,183,113,0,27,7,offspring:1
7586,reproduce,Camel,145,97,6,62,2,offspring:1
7587,kill,Boar,253,83,2,90,1,killed_by:Jaguar:282
7590,kill,Parrot,444,36,5,88,8,killed_by:Hawk:73
7590,kill,Shroomer,25,43,8,7,6,killed_by:Bear:94
7598,reproduce,Lizard,306,45,0,111,1,offspring:2
7608,reproduce,Deer,127,18,9,-0,0,offspring:1
7611,kill,Shroomer,93,63,0,78,8,killed_by:Jaguar:336
7611,kill,Shroomer,218,61,5,86,2,killed_by:Jaguar:455
7614,kill,Camel,447,65,7,117,0,killed_by:Polar Bear:318
7617,starvation,Parrot,117,64,5,61,4,
7643,reproduce,Frog,118,13,3,83,4,offspring:2
7650,reproduce,Turtle,299,27,8,71,6,offspring:1
7665,reproduce,Penguin,111,37,7,38,4,offspring:1
7665,reproduce,Penguin,148,51,9,40,8,offspring:1
7665,reproduce,Penguin,262,43,5,28,8,offspring:1
7688,kill,Camel,176,33,0,2,0,killed_by:Bear:155
7688,reproduce,Camel,308,59,4,5,9,offspring:1
7688,reproduce,Camel,359,66,0,12,7,offspring:1
7688,reproduce,Camel,373,72,5,0,7,offspring:1
7694,starvation,Wolf,345,100,0,66,9,
7703,kill,Parrot,334,0,4,128,0,killed_by:Wolf:105
7716,reproduce,Elk,107,65,0,103,1,offspring:1
7716,reproduce,Elk,112,65,5,108,5,offspring:1
7716,reproduce,Elk,114,47,8,85,4,offspring:1
7716,reproduce,Elk,116,76,5,85,5,offspring:1
7716,reproduce,Elk,119,67,9,88,0,offspring:1
7716,reproduce,Elk,121,86,1,77,6,offspring:1
7716,reproduce,Elk,204,88,0,72,3,offspring:1
7716,reproduce,Elk,284,75,5,89,2,offspring:1
7716,reproduce,Elk,290,54,3,82,4,offspring:1
7716,reproduce,Elk,395,74,8,84,9,offspring:1
7716,reproduce,Elk,450,57,5,71,5,offspring:1
7716,reproduce,Elk,451,66,0,69,3,offspring:1
7716,reproduce,Elk,452,74,0,87,3,offspring:1
7729,reproduce,Deer,36,126,4,31,0,offspring:1
7731,kill,Monkey,370,60,0,80,0,killed_by:Hawk:73
7736,kill,Shroomer,243,59,0,91,1,killed_by:Jaguar:455
7740,kill,Musk Ox,45,81,6,73,8,killed_by:Polar Bear:477
7752,kill,Musk Ox,126,70,8,71,6,killed_by:Polar Bear:26
7755,kill,Musk Ox,50,30,3,42,5,killed_by:Polar Bear:393
7764,kill,Turtle,361,39,4,43,2,killed_by:Bear:375
7776,kill,Frog,519,51,0,62,2,killed_by:Polar Bear:128
7783,kill,Parrot,317,0,0,127,6,killed_by:Wolf:105
7812,kill,Shroomer,222,45,8,84,4,killed_by:Wolf:343
7818,kill,Penguin,156,39,6,31,5,killed_by:Fox:178
7834,kill,Deer,286,66,9,65,6,killed_by:Jaguar:336
7851,starvation,Polar Bear,277,109,5,52,0,
7853,kill,Elk,530,71,8,87,2,killed_by:Jaguar:275
7862,reproduce,Monkey,424,53,7,64,0,offspring:1
7866,kill,Parrot,193,0,0,128,0,killed_by:Wolf:105
7869,reproduce,Musk Ox,120,75,2,71,2,offspring:1
7869,reproduce,Musk Ox,177,86,1,76,5,offspring:1
7869,reproduce,Musk Ox,263,79,2,89,1,offspring:1
7869,reproduce,Musk Ox,504,32,0,68,2,offspring:1
7880,starvation,Rabbit,131,92,9,53,6,
7903,kill,Lizard,396,87,7,90,9,killed_by:Hawk:73
7904,kill,Shroomer,95,41,4,9,1,killed_by:Bear:442
7916,kill,Deer,37,-0,1,0,0,killed_by:Bear:389
7938,kill,Musk Ox,147,24,2,69,0,killed_by:Bear:268
7938,reproduce,Bear,268,23,5,69,5,offspring:1
7940,reproduce,Parrot,32,126,4,106,7,offspring:1
7944,kill,Penguin,262,46,6,20,5,killed_by:Fox:178
7946,kill,Parrot,472,0,0,128,0,killed_by:Wolf:105
7954,starvation,Rabbit,287,46,1,120,8,
7955,reproduce,Frog,493,77,5,94,2,offspring:2
7956,kill,Frog,92,85,6,57,1,killed_by:Wolf:171
7956,reproduce,Frog,19,66,7,23,1,offspring:2
7956,reproduce,Frog,154,74,4,22,1,offspring:2
7956,reproduce,Frog,220,68,7,11,3,offspring:2
7963,reproduce,Penguin,281,39,4,39,9,offspring:1
7965,reproduce,Boar,44,11,4,117,7,offspring:2
7965,reproduce,Boar,372,27,5,123,0,offspring:2
7966,starvation,Boar,264,63,0,95,5,
7968,reproduce,Penguin,436,49,1,44,6,offspring:1
7973,kill,Boar,197,0,6,0,5,killed_by:Bear:316
7975,age_death,Fish,78,104,5,106,9,
7995,kill,Elk,452,74,8,87,2,killed_by:Jaguar:282
8003,kill,Musk Ox,321,44,8,47,5,killed_by:Polar Bear:128
8003,reproduce,Musk Ox,56,16,2,40,0,offspring:1
8003,reproduce,Musk Ox,229,25,2,43,5,offspring:1
8003,reproduce,Musk Ox,278,26,4,39,1,offspring:1
8003,reproduce,Musk Ox,313,15,9,36,9,offspring:1
8008,kill,Boar,337,0,3,1,3,killed_by:Bear:316
8008,reproduce,Boar,523,0,5,31,5,offspring:2
8010,kill,Frog,493,71,0,96,7,killed_by:Hawk:73
8035,reproduce,Rabbit,151,79,6,25,5,offspring:2
8036,kill,Frog,87,87,0,58,5,killed_by:Wolf:171
8041,starvation,Scorpion,272,120,0,87,2,
8045,starvation,Fish,348,111,2,74,7,
8050,kill,Shroomer,361,69,8,92,3,killed_by:Hawk:73
8054,kill,Boar,53,17,5,62,3,killed_by:Bear:519
8056,starvation,Parrot,170,0,6,14,9,
8056,kill,Rabbit,445,0,0,0,0,killed_by:Bear:389
8103,reproduce,Camel,502,30,1,2,6,offspring:1
8114,starvation,Crocodile,259,67,5,56,0,
8114,kill,Boar,311,61,3,94,3,killed_by:Jaguar:455
8116,reproduce,Rabbit,83,27,8,34,4,offspring:2
8123,starvation,Lizard,508,128,0,128,0,
8142,kill,Boar,223,13,5,57,8,killed_by:Bear:519
8144,starvation,Parrot,342,0,0,22,7,
8162,kill,Turtle,267,31,7,72,3,killed_by:Polar Bear:319
8162,reproduce,Turtle,30,24,6,63,4,offspring:1
8164,starvation,Parrot,394,0,0,22,2,
8171,kill,Lizard,366,81,8,79,1,killed_by:Hawk:73
8171,reproduce,Lizard,209,51,3,118,1,offspring:2
8175,reproduce,Rabbit,399,73,4,100,8,offspring:2
8199,starvation,Wolf,300,126,6,0,8,
8202,age_death,Fish,76,103,5,107,7,
8205,starvation,Parrot,390,55,2,18,1,
8213,starvation,Rabbit,158,92,6,90,5,
8214,kill,Lizard,365,68,7,59,9,killed_by:Jaguar:336
8221,starvation,Parrot,55,73,8,30,6,
8228,kill,Camel,441,30,5,13,7,killed_by:Bear:155
8228,kill,Lizard,340,9,0,0,0,killed_by:Bear:389
8233,reproduce,Camel,446,101,6,53,0,offspring:1
8240,kill,Turtle,179,12,6,59,7,killed_by:Bear:268
8240,reproduce,Camel,469,107,9,44,0,offspring:1
8242,kill,Camel,66,53,2,128,0,killed_by:Polar Bear:318
8253,kill,Camel,237,59,2,118,0,killed_by:Polar Bear:221
8253,reproduce,Camel,159,51,3,123,5,offspring:1
8253,reproduce,Camel,234,55,0,122,1,offspring:1
8253,reproduce,Camel,257,57,2,119,7,offspring:1
8256,kill,Boar,40,9,8,10,2,killed_by:Bear:380
8257,kill,Parrot,4,13,7,0,0,killed_by:Wolf:113
8257,kill,Shroomer,506,50,7,98,5,killed_by:Wolf:343
8266,reproduce,Penguin,111,45,6,41,9,offspring:1
8266,reproduce,Penguin,148,55,8,46,7,offspring:1
8266,reproduce,Penguin,235,34,3,58,0,offspring:1
8269,reproduce,Camel,459,31,0,2,2,offspring:1
8270,reproduce,Deer,185,113,6,30,7,offspring:1
8270,reproduce,Deer,285,108,7,29,6,offspring:1
8271,starvation,Parrot,448,0,0,14,9,
8287,starvation,Lizard,507,0,0,12,8,
8287,reproduce,Lizard,449,20,4,4,5,offspring:2
8287,reproduce,Lizard,466,30,3,33,3,offspring:2
8299,kill,Elk,116,85,9,89,4,killed_by:Jaguar:275
8311,reproduce,Parrot,192,64,0,51,4,offspring:1
8311,reproduce,Turtle,270,39,9,70,9,offspring:1
8330,kill,Monkey,481,67,9,101,7,killed_by:Hawk:73
8350,starvation,Fox,256,100,5,69,1,
8383,kill,Boar,2,38,6,62,3,killed_by:Bear:375
8389,reproduce,Parrot,501,120,4,73,0,offspring:1
8394,age_death,Fish,77,102,5,118,9,
8412,kill,Musk Ox,177,90,9,79,5,killed_by:Polar Bear:477
8415,kill,Shroomer,214,74,5,70,8,killed_by:Polar Bear:26
8426,reproduce,Boar,457,6,6,39,1,offspring:2
8426,reproduce,Boar,524,21,4,52,9,offspring:2
8431,reproduce,Bear,94,64,0,10,0,offspring:1
8463,kill,Camel,391,30,2,9,3,killed_by:Bear:442
8463,reproduce,Monkey,424,56,4,55,5,offspring:1
8465,kill,Penguin,366,52,5,40,4,killed_by:Polar Bear:393
8482,starvation,Wolf,362,80,4,124,2,
8484,starvation,Parrot,104,54,9,20,5,
8498,starvation,Lizard,510,128,0,128,0,
8512,starvation,Lizard,269,103,9,128,0,
8512,reproduce,Lizard,439,125,6,87,7,offspring:2
8512,reproduce,Parrot,526,44,2,-0,0,offspring:1
8530,reproduce,Deer,67,107,5,67,2,offspring:1
8545,starvation,Hawk,84,1,0,6,8,
8549,reproduce,Boar,473,99,9,71,4,offspring:2
8559,kill,Shroomer,238,62,4,64,2,killed_by:Jaguar:336
8564,reproduce,Penguin,3,39,8,70,6,offspring:1
8564,reproduce,Penguin,29,57,6,41,8,offspring:1
8564,reproduce,Penguin,281,49,9,35,6,offspring:1
8569,reproduce,Penguin,436,55,7,52,5,offspring:1
8587,kill,Boar,463,47,8,103,3,killed_by:Jaguar:455
8612,reproduce,Wolf,343,40,6,92,1,offspring:1
8638,starvation,Wolf,252,34,5,118,2,
8639,kill,Musk Ox,47,57,4,48,8,killed_by:Polar Bear:128
8644,reproduce,Penguin,41,31,7,41,7,offspring:1
8655,kill,Shroomer,162,38,0,92,7,killed_by:Wolf:269
8682,kill,Deer,479,53,8,0,0,killed_by:Bear:116
8685,age_death,Fish,81,99,5,120,1,
8685,reproduce,Fish,135,97,4,97,8,offspring:2
8685,reproduce,Fish,297,92,2,97,7,offspring:2
8685,reproduce,Fish,298,95,0,98,5,offspring:2
8685,reproduce,Fish,351,93,4,98,3,offspring:2
8685,reproduce,Fish,352,90,5,98,1,offspring:2
8685,reproduce,Fish,353,94,3,99,5,offspring:2
8685,reproduce,Fish,354,94,0,98,5,offspring:2
8685,reproduce,Fish,426,100,2,104,9,offspring:2
8685,reproduce,Fish,428,101,1,103,1,offspring:2
8685,reproduce,Fish,429,101,9,102,0,offspring:2
8685,reproduce,Fish,430,96,7,109,5,offspring:2
8685,reproduce,Fish,431,97,4,108,7,offspring:2
8685,reproduce,Fish,432,99,1,106,6,offspring:2
8685,reproduce,Fish,433,100,9,104,2,offspring:2
8685,reproduce,Fish,434,99,8,105,8,offspring:2
8685,reproduce,Fish,435,98,6,107,4,offspring:2
8687,starvation,Deer,309,85,7,101,6,
8688,reproduce,Elk,114,32,0,92,8,offspring:1
8701,kill,Elk,121,88,3,83,8,killed_by:Jaguar:275
8727,starvation,Rabbit,518,0,7,27,3,
8736,kill,Turtle,30,21,3,65,3,killed_by:Bear:268
8745,kill,Boar,448,17,2,43,6,killed_by:Bear:519
8746,reproduce,Jaguar,336,67,1,64,0,offspring:1
8747,reproduce,Parrot,69,25,4,21,1,offspring:1
8747,reproduce,Parrot,85,26,2,30,8,offspring:1
8747,reproduce,Parrot,425,25,2,29,0,offspring:1
8755,reproduce,Frog,222,71,6,93,9,offspring:2
8778,starvation,Wolf,171,100,9,64,3,
8801,reproduce,Polar Bear,393,48,4,40,9,offspring:1
8835,starvation,Lizard,511,70,8,125,9,
8845,starvation,Penguin,213,87,9,56,0,
8845,reproduce,Parrot,379,74,5,0,0,offspring:1
8845,reproduce,Parrot,527,79,2,0,6,offspring:1
8847,kill,Deer,398,69,2,57,1,killed_by:Jaguar:121
8863,kill,Frog,156,73,8,85,6,killed_by:Wolf:315
8867,reproduce,Penguin,198,48,9,27,9,offspring:1
8874,kill,Musk Ox,173,47,9,45,8,killed_by:Polar Bear:393
8880,kill,Camel,459,40,5,3,9,killed_by:Bear:389
8880,reproduce,Deer,185,107,2,30,8,offspring:1
8880,reproduce,Deer,285,108,9,21,3,offspring:1
8894,kill,Camel,234,60,8,128,0,killed_by:Polar Bear:318
8903,reproduce,Polar Bear,319,31,0,52,0,offspring:1
8905,starvation,Rabbit,74,23,5,128,0,
8911,kill,Camel,394,64,7,128,0,killed_by:Polar Bear:221
8937,starvation,Lizard,274,0,5,12,6,
8940,reproduce,Parrot,317,122,3,93,6,offspring:1
8940,reproduce,Parrot,501,115,4,74,9,offspring:1
8955,kill,Penguin,76,29,9,47,7,killed_by:Polar Bear:319
8964,kill,Turtle,361,24,4,60,6,killed_by:Bear:375
8977,kill,Musk Ox,172,54,8,48,6,killed_by:Polar Bear:171
8980,kill,Shroomer,47,65,6,86,3,killed_by:Wolf:315
8997,kill,Frog,245,33,0,48,6,killed_by:Polar Bear:319
9023,kill,Camel,503,28,1,22,8,killed_by:Bear:442
9032,kill,Boar,4,33,8,50,1,killed_by:Polar Bear:319
9032,reproduce,Boar,523,4,8,27,9,offspring:2
9058,reproduce,Monkey,265,32,0,69,5,offspring:1
9062,kill,Musk Ox,120,73,9,73,5,killed_by:Polar Bear:26
9062,reproduce,Monkey,370,42,9,60,1,offspring:1
9064,reproduce,Monkey,424,37,8,14,1,offspring:1
9131,kill,Shroomer,98,59,6,91,4,killed_by:Wolf:315
9131,reproduce,Wolf,315,60,2,91,1,offspring:1
9164,kill,Musk Ox,72,96,0,77,1,killed_by:Polar Bear:477
9165,reproduce,Penguin,281,46,0,27,3,offspring:1
9166,kill,Frog,310,89,4,5,7,killed_by:Bear:94
9175,reproduce,Bear,375,22,7,64,0,offspring:1
9181,starvation,Lizard,392,116,5,1,5,
9181,reproduce,Lizard,62,112,5,29,0,offspring:2
9181,reproduce,Lizard,188,107,3,5,2,offspring:2
9181,reproduce,Lizard,307,106,0,4,8,offspring:2
9184,reproduce,Parrot,526,96,0,8,8,offspring:1
9205,starvation,Parrot,528,2,4,112,5,
9211,kill,Shroomer,205,63,7,90,6,killed_by:Wolf:315
9241,reproduce,Camel,469,107,1,29,5,offspring:1
9247,kill,Penguin,463,39,8,64,9,killed_by:Polar Bear:459
9247,reproduce,Penguin,41,31,9,37,7,offspring:1
9250,reproduce,Polar Bear,318,60,4,123,0,offspring:1
9254,reproduce,Jaguar,275,89,1,86,2,offspring:1
9263,kill,Musk Ox,46,49,0,56,2,killed_by:Polar Bear:128
9263,reproduce,Musk Ox,263,84,6,82,8,offspring:1
9263,reproduce,Musk Ox,487,81,4,66,5,offspring:1
9274,kill,Turtle,299,20,0,68,9,killed_by:Bear:268
9288,starvation,Rabbit,377,20,6,128,0,
9297,kill,Musk Ox,78,17,8,40,8,killed_by:Bear:519
9298,reproduce,Deer,89,64,0,75,9,offspring:1
9315,kill,Shroomer,357,62,5,98,0,killed_by:Wolf:343
9320,kill,Shroomer,79,66,3,95,2,killed_by:Wolf:47
9325,reproduce,Musk Ox,48,108,0,32,0,offspring:1
9336,starvation,Penguin,157,76,4,30,9,
9339,kill,Penguin,3,27,7,64,4,killed_by:Wolf:269
9339,reproduce,Penguin,10,50,8,34,6,offspring:1
9339,reproduce,Penguin,42,53,1,43,6,offspring:1
9339,reproduce,Penguin,148,51,7,43,6,offspring:1
9339,reproduce,Penguin,235,44,7,51,7,offspring:1
9339,reproduce,Penguin,436,52,0,61,6,offspring:1
9349,kill,Camel,12,64,1,118,4,killed_by:Polar Bear:318
9349,reproduce,Parrot,68,-0,0,97,2,offspring:1
9349,reproduce,Camel,160,56,6,125,3,offspring:1
9349,reproduce,Camel,257,57,4,121,6,offspring:1
9349,reproduce,Camel,514,52,0,125,7,offspring:1
9353,starvation,Rabbit,65,121,3,10,5,
9360,reproduce,Lizard,2,124,9,96,0,offspring:2
9361,starvation,Rabbit,132,1,0,127,5,
9389,reproduce,Parrot,40,125,8,65,2,offspring:1
9396,reproduce,Parrot,379,121,6,5,0,offspring:1
9396,reproduce,Parrot,527,106,1,9,9,offspring:1
9397,reproduce,Rabbit,454,116,9,0,0,offspring:2
9408,kill,Musk Ox,504,40,1,53,4,killed_by:Polar Bear:459
9408,reproduce,Musk Ox,56,20,5,40,0,offspring:1
9408,reproduce,Musk Ox,276,28,6,39,4,offspring:1
9408,reproduce,Musk Ox,278,12,0,44,8,offspring:1
9408,reproduce,Musk Ox,313,18,9,54,5,offspring:1
9431,kill,Deer,280,18,0,45,6,killed_by:Bear:503
9445,reproduce,Polar Bear,477,96,0,77,9,offspring:1
9453,kill,Shroomer,252,60,1,91,3,killed_by:Wolf:343
9466,kill,Camel,232,71,3,119,1,killed_by:Polar Bear:463
9472,reproduce,Lizard,77,125,8,96,0,offspring:2
9481,kill,Camel,390,49,3,4,4,killed_by:Bear:389
9490,kill,Musk Ox,263,84,1,79,4,killed_by:Jaguar:275
9491,reproduce,Parrot,317,126,4,101,8,offspring:1
9491,reproduce,Turtle,329,22,7,18,4,offspring:1
9491,reproduce,Parrot,501,119,9,72,2,offspring:1
9492,kill,Frog,215,13,8,60,7,killed_by:Wolf:269
9492,reproduce,Frog,22,17,1,86,0,offspring:2
9492,reproduce,Frog,118,12,7,88,8,offspring:2
9492,reproduce,Frog,231,12,1,65,8,offspring:2
9492,reproduce,Frog,241,14,4,82,7,offspring:2
9496,starvation,Rabbit,468,82,8,114,3,
9506,kill,Shroomer,258,72,1,80,0,killed_by:Wolf:315
9508,reproduce,Boar,321,74,2,18,7,offspring:2
9512,kill,Monkey,424,17,4,0,0,killed_by:Jaguar:187
9512,reproduce,Parrot,177,108,9,4,5,offspring:1
9543,kill,Frog,559,81,3,89,6,killed_by:Wolf:47
9544,starvation,Hawk,73,72,2,108,2,
9552,kill,Boar,522,28,2,44,3,killed_by:Polar Bear:393
9555,reproduce,Frog,560,79,9,84,0,offspring:2
9571,kill,Musk Ox,276,31,6,37,1,killed_by:Polar Bear:319
9592,kill,Boar,366,102,2,71,9,killed_by:Polar Bear:477
9594,kill,Camel,257,54,9,122,8,killed_by:Polar Bear:221
9639,starvation,Rabbit,456,2,6,112,5,
9663,reproduce,Monkey,370,47,1,54,8,offspring:1
9663,reproduce,Monkey,481,50,2,11,3,offspring:1
9680,kill,Frog,231,11,1,74,1,killed_by:Wolf:269
9680,kill,Deer,271,36,8,52,6,killed_by:Bear:375
9680,reproduce,Deer,15,16,9,9,0,offspring:1
9680,reproduce,Deer,127,28,3,19,9,offspring:1
9692,starvation,Rabbit,445,107,4,128,0,
9698,kill,Shroomer,279,74,2,96,5,killed_by:Wolf:47
9723,reproduce,Monkey,407,62,9,64,0,offspring:1
9725,kill,Musk Ox,243,70,9,62,9,killed_by:Polar Bear:26
9735,reproduce,Parrot,526,111,2,24,3,offspring:1
9743,kill,Boar,517,93,8,68,0,killed_by:Polar Bear:477
9748,kill,Frog,521,35,9,0,0,killed_by:Jaguar:187
9749,kill,Deer,134,39,4,47,8,killed_by:Bear:503
9756,kill,Musk Ox,46,77,6,81,5,killed_by:Jaguar:562
9761,starvation,Elk,125,117,2,13,0,
9770,reproduce,Camel,502,32,0,18,5,offspring:1
9785,kill,Penguin,148,53,3,29,5,killed_by:Polar Bear:171
9786,starvation,Rabbit,259,108,9,88,0,
9794,starvation,Parrot,9,78,6,116,3,
9835,kill,Elk,176,90,0,85,8,killed_by:Jaguar:230
9845,reproduce,Parrot,213,105,5,5,5,offspring:1
9845,reproduce,Parrot,511,116,7,18,4,offspring:1
9853,kill,Musk Ox,126,33,8,62,4,killed_by:Bear:268
9855,kill,Frog,579,26,1,66,7,killed_by:Wolf:269
9859,kill,Deer,367,15,9,45,5,killed_by:Bear:442
9863,starvation,Rabbit,399,81,0,115,1,
9899,reproduce,Deer,89,62,9,72,1,offspring:1
9911,starvation,Lizard,8,65,5,45,6,
9921,kill,Elk,533,85,4,84,0,killed_by:Jaguar:230
9940,reproduce,Parrot,40,125,2,75,2,offspring:1
9940,reproduce,Parrot,74,126,1,97,2,offspring:1
9940,reproduce,Parrot,234,125,5,96,7,offspring:1
9942,kill,Deer,478,40,3,12,0,killed_by:Jaguar:187
9942,reproduce,Deer,18,44,7,24,0,offspring:1
9942,reproduce,Deer,23,33,5,18,9,offspring:1
9942,reproduce,Jaguar,187,40,0,11,5,offspring:1
9945,starvation,Parrot,32,126,7,106,7,
9955,kill,Frog,73,82,8,84,0,killed_by:Wolf:315
9971,starvation,Rabbit,400,81,5,115,5,
9974,starvation,Wolf,440,104,1,57,4,
9979,starvation,Tapir,443,110,3,72,1,
9982,reproduce,Camel,216,21,2,26,8,offspring:1
9989,kill,Musk Ox,92,12,5,48,9,killed_by:Bear:519
9989,reproduce,Musk Ox,229,30,4,27,2,offspring:1
9990,reproduce,Monkey,265,38,4,64,0,offspring:1
9992,kill,Lizard,441,51,4,-0,0,killed_by:Bear:389
9996,kill,Camel,565,58,5,128,0,killed_by:Polar Bear:318
9996,reproduce,Camel,149,68,4,126,2,offspring:1
9997,starvation,Wolf,251,48,1,115,4,
10000,age_death,Fish,291,16,5,85,8,
10000,age_death,Fish,292,1,2,77,7,
10000,age_death,Fish,297,106,4,103,9,
10000,age_death,Fish,298,96,0,98,1,
10006,starvation,Lizard,226,0,4,21,0,
10011,age_death,Fish,322,1,2,77,2,
10011,age_death,Fish,323,2,1,76,8,
10029,kill,Penguin,189,55,2,44,4,killed_by:Polar Bear:128
10029,reproduce,Penguin,41,35,5,29,9,offspring:1
10029,reproduce,Penguin,198,40,8,25,1,offspring:1
10029,reproduce,Penguin,281,43,6,27,0,offspring:1
10037,kill,Frog,559,73,2,90,3,killed_by:Jaguar:275
10037,kill,Lizard,24,5,4,82,6,killed_by:Crocodile:335
10037,reproduce,Lizard,170,44,1,106,5,offspring:2
10037,reproduce,Lizard,306,44,7,107,9,offspring:2
10037,reproduce,Lizard,427,53,2,128,0,offspring:2
10040,reproduce,Turtle,144,27,8,20,6,offspring:1
10042,reproduce,Parrot,317,125,0,98,3,offspring:1
10042,reproduce,Parrot,501,126,0,84,4,offspring:1
10043,kill,Shroomer,93,73,2,98,2,killed_by:Wolf:47
10043,age_death,Fish,11,0,6,77,8,
10043,age_death,Fish,326,0,6,76,9,
10073,kill,Deer,495,54,0,37,3,killed_by:Bear:375
10095,kill,Musk Ox,404,50,8,6,9,killed_by:Jaguar:125
10107,kill,Frog,560,82,8,72,5,killed_by:Wolf:315
10132,reproduce,Wolf,315,83,0,70,7,offspring:1
10137,age_death,Fish,135,95,5,99,0,
10142,kill,Elk,345,67,6,93,1,killed_by:Jaguar:275
10143,reproduce,Lizard,449,21,8,13,4,offspring:2
10144,kill,Frog,301,22,7,7,5,killed_by:Bear:6
10194,kill,Camel,273,72,9,127,7,killed_by:Polar Bear:463
10203,reproduce,Rabbit,83,-0,0,0,0,offspring:2
10216,kill,Musk Ox,9,24,5,27,4,killed_by:Polar Bear:319
10218,reproduce,Frog,203,24,6,14,0,offspring:2
10218,reproduce,Frog,304,25,7,0,5,offspring:2
10218,reproduce,Frog,402,21,4,11,0,offspring:2
10229,kill,Elk,284,68,1,79,5,killed_by:Jaguar:562
10248,reproduce,Fish,534,77,5,56,4,offspring:2
10250,reproduce,Fish,430,76,9,56,4,offspring:2
10257,reproduce,Fish,352,76,8,56,4,offspring:2
10258,reproduce,Monkey,76,22,0,72,1,offspring:1
10262,kill,Deer,15,-0,1,0,0,killed_by:Bear:155
10264,reproduce,Monkey,172,14,4,25,5,offspring:1
10280,reproduce,Fish,81,78,0,54,9,offspring:2
10283,reproduce,Deer,288,9,4,54,4,offspring:1
10288,kill,Camel,149,69,8,128,0,killed_by:Polar Bear:221
10293,kill,Deer,366,16,1,-0,0,killed_by:Bear:6
10299,reproduce,Boar,391,96,0,61,0,offspring:2
10301,kill,Lizard,427,64,0,128,0,killed_by:Wolf:343
10309,reproduce,Musk Ox,56,8,1,42,1,offspring:1
10309,reproduce,Musk Ox,278,11,5,48,5,offspring:1
10312,reproduce,Turtle,270,33,8,65,8,offspring:1
10328,kill,Musk Ox,313,18,6,61,9,killed_by:Polar Bear:393
10338,kill,Frog,509,10,2,68,0,killed_by:Polar Bear:459
10350,reproduce,Camel,160,57,9,125,0,offspring:1
10356,kill,Boar,524,53,2,42,6,killed_by:Bear:503
10369,reproduce,Musk Ox,45,66,0,86,8,offspring:1
10405,kill,Boar,206,80,2,72,2,killed_by:Polar Bear:26
10409,reproduce,Boar,321,90,0,24,9,offspring:2
10410,kill,Shroomer,86,71,8,95,1,killed_by:Wolf:47
10416,reproduce,Bear,389,65,4,1,9,offspring:1
10418,kill,Frog,520,73,7,6,6,killed_by:Boar:468
10426,kill,Frog,576,25,6,96,8,killed_by:Crocodile:335
10470,reproduce,Camel,514,59,1,123,0,offspring:1
10484,kill,Boar,506,17,7,35,8,killed_by:Bear:442
10503,reproduce,Musk Ox,197,31,0,8,2,offspring:1
10571,reproduce,Elk,450,62,8,64,0,offspring:1
10583,kill,Deer,214,111,7,69,7,killed_by:Polar Bear:477
10592,starvation,Parrot,27,0,4,15,0,
10592,reproduce,Parrot,30,25,4,17,5,offspring:1
10592,reproduce,Parrot,69,26,8,13,0,offspring:1
10592,reproduce,Parrot,85,32,0,9,8,offspring:1
10592,reproduce,Parrot,108,19,9,10,7,offspring:1
10592,reproduce,Parrot,448,14,8,27,8,offspring:1
10592,reproduce,Parrot,518,14,3,27,9,offspring:1
10592,reproduce,Parrot,525,13,2,1,2,offspring:1
10594,reproduce,Lizard,139,31,4,19,4,offspring:2
10594,reproduce,Lizard,466,31,4,30,9,offspring:2
10600,age_death,Fish,43,20,7,82,2,
10600,age_death,Fish,57,8,4,80,9,
10600,age_death,Fish,71,8,6,94,6,
10600,age_death,Fish,341,27,5,80,2,
10600,age_death,Fish,351,95,6,96,6,
10600,age_death,Fish,352,66,4,55,3,
10600,age_death,Fish,353,96,6,96,9,
10600,age_death,Fish,354,95,5,95,9,
10601,kill,Penguin,510,37,6,45,5,killed_by:Polar Bear:171
10602,reproduce,Polar Bear,393,17,5,57,3,offspring:1
10610,kill,Frog,323,37,9,1,8,killed_by:Bear:6
10622,kill,Frog,277,79,4,0,0,killed_by:Boar:258
10631,reproduce,Rabbit,33,28,1,77,9,offspring:2
10631,reproduce,Wolf,47,79,8,98,1,offspring:1
10633,starvation,Rabbit,453,31,2,103,9,
10649,reproduce,Musk Ox,20,102,5,37,8,offspring:1
10649,reproduce,Musk Ox,169,108,5,53,0,offspring:1
10649,reproduce,Musk Ox,183,106,1,34,0,offspring:1
10650,kill,Elk,123,73,4,79,7,killed_by:Jaguar:230
10652,kill,Musk Ox,366,66,0,89,7,killed_by:Jaguar:562
10666,kill,Camel,566,61,3,126,6,killed_by:Polar Bear:318
10673,kill,Tapir,344,26,6,82,7,killed_by:Crocodile:335
10680,kill,Frog,304,33,7,-0,0,killed_by:Bear:6
10685,reproduce,Deer,474,64,0,84,3,offspring:1
10686,reproduce,Polar Bear,128,64,1,46,3,offspring:1
10693,kill,Rabbit,298,0,4,0,0,killed_by:Bear:316
10695,kill,Boar,258,81,5,0,0,killed_by:Bear:389
10698,reproduce,Rabbit,50,10,2,64,0,offspring:2
10704,reproduce,Polar Bear,319,29,4,27,4,offspring:1
10706,starvation,Crocodile,260,123,5,66,0,
10722,kill,Penguin,235,67,5,45,9,killed_by:Polar Bear:323
10724,kill,Musk Ox,284,14,1,47,0,killed_by:Polar Bear:43
10728,kill,Rabbit,297,0,3,0,0,killed_by:Bear:316
10731,reproduce,Tapir,16,22,1,64,0,offspring:1
10749,reproduce,Camel,469,104,8,24,2,offspring:1
10771,reproduce,Camel,502,23,2,16,6,offspring:1
10775,starvation,Shroomer,505,117,1,24,4,
10775,kill,Rabbit,83,0,0,0,0,killed_by:Bear:155
10779,reproduce,Deer,18,39,7,31,9,offspring:1
10779,reproduce,Deer,23,35,8,27,2,offspring:1
10779,reproduce,Deer,355,54,5,25,3,offspring:1
10792,kill,Penguin,157,66,2,42,7,killed_by:Polar Bear:128
10792,kill,Penguin,157,66,2,42,7,killed_by:Polar Bear:323
10792,reproduce,Penguin,10,46,0,23,9,offspring:1
10792,reproduce,Penguin,41,46,4,29,7,offspring:1
10792,reproduce,Penguin,156,40,3,29,7,offspring:1
10792,reproduce,Penguin,198,41,0,16,4,offspring:1
10792,reproduce,Penguin,205,40,5,24,4,offspring:1
10792,reproduce,Penguin,245,44,1,27,1,offspring:1
10795,reproduce,Elk,119,65,1,105,3,offspring:1
10795,reproduce,Elk,218,66,8,103,2,offspring:1
10796,kill,Musk Ox,229,29,9,21,5,killed_by:Polar Bear:319
10798,starvation,Wolf,364,115,8,4,5,
10804,kill,Boar,507,42,2,5,4,killed_by:Jaguar:125
10810,kill,Elk,247,81,6,83,5,killed_by:Jaguar:275
10815,kill,Musk Ox,86,32,2,7,6,killed_by:Bear:6
10816,kill,Musk Ox,278,17,5,46,2,killed_by:Polar Bear:393
10852,reproduce,Parrot,501,124,5,99,9,offspring:1
10853,starvation,Monkey,497,78,6,117,3,
10857,reproduce,Fish,441,71,5,37,6,offspring:2
10859,reproduce,Monkey,76,17,6,59,8,offspring:1
10866,reproduce,Boar,274,1,4,32,8,offspring:2
10866,reproduce,Boar,457,4,8,42,3,offspring:2
10866,reproduce,Boar,523,20,0,43,0,offspring:2
10867,reproduce,Camel,159,52,1,126,8,offspring:1
10870,reproduce,Fish,404,64,0,51,8,offspring:2
10871,reproduce,Musk Ox,48,111,3,27,1,offspring:1
10878,reproduce,Monkey,386,61,2,104,5,offspring:1
10880,reproduce,Fish,135,79,6,41,7,offspring:2
10880,reproduce,Fish,148,79,7,42,7,offspring:2
10896,kill,Camel,126,59,3,128,0,killed_by:Polar Bear:463
10899,kill,Boar,468,77,5,8,6,killed_by:Bear:509
10903,starvation,Rabbit,571,118,6,2,0,
10949,reproduce,Polar Bear,221,60,4,126,9,offspring:1
10959,reproduce,Penguin,362,47,0,70,8,offspring:1
10966,kill,Turtle,237,41,5,69,9,killed_by:Bear:268
10966,reproduce,Bear,268,41,2,70,5,offspring:1
10983,reproduce,Camel,216,21,4,27,4,offspring:1
11012,kill,Shroomer,54,74,2,5,6,killed_by:Bear:389
11021,kill,Musk Ox,572,25,3,40,5,killed_by:Bear:442
11027,starvation,Wolf,250,58,5,116,3,
11034,starvation,Rabbit,570,119,6,4,4,
11035,kill,Lizard,32,63,1,96,1,killed_by:Jaguar:562
11036,starvation,Parrot,195,46,5,124,5,
11041,kill,Penguin,505,48,6,26,2,killed_by:Polar Bear:123
11041,kill,Camel,149,54,6,122,5,killed_by:Polar Bear:126
11058,kill,Musk Ox,563,83,5,70,0,killed_by:Polar Bear:26
11072,kill,Musk Ox,197,27,5,13,6,killed_by:Bear:6
11072,reproduce,Musk Ox,264,18,2,37,6,offspring:1
11076,kill,Shroomer,70,73,5,78,9,killed_by:Jaguar:230
11089,starvation,Wolf,105,37,9,118,2,
11097,starvation,Monkey,347,77,6,116,2,
11100,kill,Camel,160,51,8,127,0,killed_by:Polar Bear:221
11118,reproduce,Rabbit,327,107,0,31,7,offspring:2
11146,kill,Camel,140,53,7,30,2,killed_by:Polar Bear:123
11146,reproduce,Camel,272,23,3,31,5,offspring:1
11150,starvation,Monkey,498,71,1,114,1,
11152,kill,Frog,575,5,3,67,3,killed_by:Crocodile:335
11154,starvation,Rabbit,331,52,9,19,2,
11172,starvation,Musk Ox,312,117,6,45,8,
11181,kill,Camel,253,73,3,-0,0,killed_by:Bear:509
11188,reproduce,Elk,309,27,1,92,8,offspring:1
11195,starvation,Monkey,499,81,1,115,0,
11200,reproduce,Boar,391,102,2,44,4,offspring:2
11207,starvation,Parrot,66,60,5,38,1,
11245,reproduce,Camel,223,111,3,32,0,offspring:1
11246,reproduce,Polar Bear,477,120,8,76,6,offspring:1
11254,reproduce,Jaguar,562,63,7,93,3,offspring:1
11258,kill,Deer,510,69,1,83,6,killed_by:Jaguar:275
11270,reproduce,Musk Ox,45,66,9,79,2,offspring:1
11302,reproduce,Rabbit,368,30,2,29,6,offspring:2
11310,reproduce,Boar,321,84,8,28,4,offspring:2
11333,reproduce,Monkey,276,64,0,13,5,offspring:1
11346,kill,Musk Ox,574,32,1,34,8,killed_by:Polar Bear:171
11360,kill,Camel,514,58,6,115,0,killed_by:Polar Bear:318
11416,reproduce,Deer,17,61,3,65,0,offspring:1
11427,reproduce,Jaguar,275,64,0,84,1,offspring:1
11432,reproduce,Rabbit,33,16,6,77,1,offspring:2
11445,starvation,Wolf,113,126,7,0,8,
11448,kill,Frog,322,29,8,12,2,killed_by:Jaguar:125
11451,kill,Deer,299,69,5,75,4,killed_by:Jaguar:230
11458,reproduce,Monkey,565,28,8,59,4,offspring:1
11472,starvation,Fox,178,77,3,12,4,
11475,starvation,Rabbit,454,116,5,1,5,
11479,kill,Turtle,390,20,2,22,3,killed_by:Polar Bear:319
11490,kill,Musk Ox,56,8,9,38,9,killed_by:Polar Bear:43
11490,reproduce,Musk Ox,64,49,8,10,5,offspring:1
11490,reproduce,Musk Ox,163,60,8,13,2,offspring:1
11490,reproduce,Musk Ox,164,58,4,11,1,offspring:1
11490,reproduce,Musk Ox,165,59,0,12,5,offspring:1
11490,reproduce,Musk Ox,166,59,1,9,8,offspring:1
11490,reproduce,Musk Ox,167,60,4,11,2,offspring:1
11492,reproduce,Turtle,329,22,6,3,0,offspring:1
11496,reproduce,Musk Ox,487,96,7,64,0,offspring:1
11500,kill,Musk Ox,264,15,6,34,1,killed_by:Polar Bear:393
11527,kill,Musk Ox,70,68,1,78,0,killed_by:Jaguar:499
11531,starvation,Monkey,496,112,0,77,0,
11548,kill,Deer,474,82,6,86,7,killed_by:Jaguar:562
11550,reproduce,Parrot,108,24,5,-0,0,offspring:1
11582,kill,Turtle,440,22,1,9,5,killed_by:Jaguar:125
11585,reproduce,Deer,23,16,9,27,4,offspring:1
11590,kill,Camel,25,64,8,6,3,killed_by:Bear:389
11607,starvation,Parrot,511,115,7,15,8,
11614,kill,Fish,428,70,8,128,0,killed_by:Polar Bear:463
11618,reproduce,Monkey,176,32,0,86,8,offspring:1
11619,kill,Fish,546,70,6,128,0,killed_by:Polar Bear:280
11628,reproduce,Tapir,208,122,2,75,3,offspring:1
11629,starvation,Parrot,515,26,6,110,0,
11648,age_death,Fish,168,7,9,81,4,
11648,age_death,Fish,296,6,4,108,2,
11648,age_death,Fish,324,5,3,107,3,
11648,age_death,Fish,405,8,4,125,7,
11648,age_death,Fish,408,20,4,82,3,
11648,age_death,Fish,409,16,6,89,6,
11648,age_death,Fish,410,17,1,90,6,
11648,age_death,Fish,411,12,3,95,2,
11648,age_death,Fish,412,5,5,107,1,
11648,age_death,Fish,413,25,5,93,5,
11648,age_death,Fish,414,8,4,81,9,
11648,age_death,Fish,415,6,8,73,4,
11648,age_death,Fish,416,26,5,93,4,
11648,age_death,Fish,417,43,1,52,0,
11648,age_death,Fish,418,5,3,111,8,
11648,age_death,Fish,419,1,0,49,9,
11648,age_death,Fish,420,2,9,96,7,
11648,age_death,Fish,421,3,5,95,4,
11648,age_death,Fish,422,14,9,92,8,
11648,age_death,Fish,423,3,8,95,4,
11652,kill,Frog,19,62,2,19,7,killed_by:Boar:160
11676,kill,Elk,451,62,1,79,0,killed_by:Jaguar:275
11676,reproduce,Elk,218,71,5,97,3,offspring:1
11689,kill,Rabbit,277,0,0,50,9,killed_by:Crocodile:335
11689,reproduce,Rabbit,133,23,9,12,6,offspring:2
11692,reproduce,Polar Bear,26,80,0,64,0,offspring:1
11692,reproduce,Polar Bear,318,56,8,113,8,offspring:1
11695,starvation,Monkey,63,119,5,66,0,
11700,starvation,Monkey,346,112,0,77,1,
11720,reproduce,Monkey,560,11,7,46,3,offspring:1
11730,kill,Monkey,172,0,0,6,7,killed_by:Bear:316
11735,kill,Musk Ox,45,69,4,81,5,killed_by:Jaguar:336
11735,reproduce,Musk Ox,20,111,4,44,5,offspring:1
11735,reproduce,Musk Ox,169,106,5,51,6,offspring:1
11735,reproduce,Musk Ox,183,102,8,40,9,offspring:1
11736,starvation,Parrot,486,40,3,111,5,
11738,kill,Boar,473,76,5,62,5,killed_by:Polar Bear:26
11750,starvation,Rabbit,91,126,0,20,9,
11752,starvation,Deer,240,57,3,71,4,
11752,kill,Camel,159,46,7,123,1,killed_by:Polar Bear:221
11760,kill,Penguin,42,37,0,19,8,killed_by:Boar:591
11768,kill,Shroomer,566,59,6,110,0,killed_by:Polar Bear:318
11769,kill,Parrot,174,-0,0,49,0,killed_by:Crocodile:335
11778,age_death,Fish,426,97,7,127,4,
11778,age_death,Fish,429,100,9,119,1,
11778,age_death,Fish,430,69,6,68,7,
11778,age_death,Fish,431,96,0,99,7,
11778,age_death,Fish,432,88,6,115,8,
11778,age_death,Fish,433,99,1,126,7,
11778,age_death,Fish,434,102,4,118,6,
11778,age_death,Fish,435,91,0,109,3,
11790,starvation,Lizard,209,45,3,117,8,
11809,kill,Camel,342,54,5,118,4,killed_by:Polar Bear:126
11810,reproduce,Rabbit,337,96,0,8,2,offspring:2
11844,kill,Musk Ox,338,65,9,12,1,killed_by:Bear:509
11869,reproduce,Monkey,207,120,4,96,4,offspring:1
11869,reproduce,Monkey,255,119,6,109,5,offspring:1
11869,reproduce,Monkey,403,128,0,119,0,offspring:1
11869,reproduce,Monkey,481,125,1,98,6,offspring:1
